id_avaliacao,aplicativo,nota,texto,anotador,dupla_checagem,categoria
3c7edfa0-974b-4147-bf45-ee71faa6e233,Banco Inter,1,péssimo aplicativo e banco. pior que golpista. usem o nubank. fujam desse banco,Bruno,0,
a7ec64d9-4ca0-4653-aac3-1b5e1351cc30,Banco Inter,1,o banco e bom e bonito mas eu n consigo mais entrar pq lá diz queimha senha está incorreta mas eu refiz a senha e continua dizendo que tá incorreta tratem de resolver logo!,Vinicius,0,
e409853b-1482-4363-8b29-380ffdd58096,Banco Inter,1,cobrança de tarifa de Pix,Gabriel,0,
09b2264d-b0dd-45f3-b0b5-45d9b827c542,Banco Inter,1,"ESSA BANCO BLOQUEIA O ACESSO DEPOIS QUE O DINHEIRO É DEPOSITADO. NÃO BAIXEM, ESTOU DESDE TERÇA FEIRA TENTANDO USAR E ELES BLOQUEARAM MEU ACESSO. FICA NO LOOP DE RECRIAR A SENHA E NUNCA AVANÇA. ATENDENTES PREGUIÇOSOS NÃO AJUDAM EM NADA. VOU TER QUE ENTRAR NA JUSTIÇA. VOCÊS FORAM AVISADOS.",Bruno,0,
3e2424c7-2191-40af-9847-6bd744a754a0,Banco Inter,1,"horrível, sistema só presta pra falhar.",Vinicius,0,
d350c563-2d84-4f8c-9748-dff24baa200d,Banco Inter,1,"26-""Identificamos 1 config no seu cel q pode colocar suas transações em risco Por segurança, algumas funções foram bloqueadas"" Me obrigou a trocar senha, ridículo😒🤡 Contras - N opta data de vencimento, q só aparece no dia seguinte. N faz anotações compras no créd. Só 1 cartão virtual créd. Solicitar adicional n diz se é virtual/físico (por isso n testei) / Prós (Diferenciais pro Nubank) - acessa pelo PC (apesar de precisar do cel p/isso), envio automático fatura p/e-mail e login multi contas",Gabriel,0,
c0512af1-5b19-4da6-8d90-2c279f7e1385,Banco Inter,1,"Gostava bastante do aplicativo, eu só usava ele. Mas a partir de hoje vou parar de usar e procurar outro banco, ultimamente o Inter só está deixando a desejar.",Bruno,0,
ca9b0446-315f-4dab-9b2d-a953de72eb54,Banco Inter,1,"À mais ou menos 2 semanas o App não funciona. Já formatei o celular, instalei o App inter como primeiro App a ser instalado após formatação COM TODAS AS PERMISSÕES PARA ELE ATIVADAS, reiniciei o celular após instalação como primeiro App no celular, E NÃO FUNCIONA! FECHA ANTES DE ABRIR COM A MENSAGEM:"" O APP PAROU""... Todas as operações acima foram feitas de 2 a 3 vezes, E nada de funcionar. IMPRESSIONANTE! O ATENDIMENTO VIA CHAT NO SITE INTER, ME DESCONECTOU E CUL-POU MEU CELULAR! QUE ISSO?",Vinicius,0,
607bc96d-d563-4679-b7c4-e77b9523c74c,Banco Inter,1,"Cara, tem ad de TIGRINHO no app, com música e tudo enquanto eu quero fazer um Pix, deve tá falindo esse banco maldito.",Gabriel,0,
0c1e49c0-2938-4ea7-9443-298ce19f147c,Banco Inter,1,"esse app, não está funcionando por favor dá um jeito nisso, não consigo nem abrir o app, e quando abrir fecha rápido!!!! não consigo fazer nada com esse aplicativo, está muito ruim vcs precisam da. um jeito para melhorar,só estou usando o cartão pq o aplicativo não funciona....já coloquei em três celulares e são as mesmas coisas não melhorar, está acontecendo alguma coisa que vcs não comunicar o cliente,eu preciso de ajuda faça alguma coisa para melhorar por favor,, não tem como ficar com isso .",Bruno,0,
23dcf213-8154-442a-bf73-285d60471be9,Banco Inter,1,tá ruim em tá travando muito cada dia pior arrumem isso,Vinicius,0,
60044f2e-264f-4d6f-8789-0b1038ea4eef,Banco Inter,1,"A ultima versão o aplicativo abre e fecha, consertem logo. Estou no android 9 em um galaxy note 8. Preciso acessar a conta.",Gabriel,0,
017370d8-8f44-4b2d-bbb3-2f461e3dd23b,Banco Inter,1,"tenta entrar no aplicativo e ele n entra faz login e n carrega, sempre no momento em q realmente precisa só passa raiva msm",Bruno,0,
bcb28aac-1283-4620-a853-1ffc95d8458e,Banco Inter,1,está horrível esse aplicativo não consigo entrar no aplicativo está dando erro direto,Vinicius,0,
67b58991-79e7-43d3-a1aa-f871ba468966,Banco Inter,1,não consigo entrar na minha conta app só dá erro meu dinheiro preso,Gabriel,0,
452e21b6-766d-4709-a169-92b627100186,Banco Inter,1,"Vou ter que processar. Pedi portabilidade e perdi o acesso ao aplicativo, não consigo dar continuidade ao processo porque o suporte não me responde.",Bruno,0,
4aee3560-9665-4e99-9323-bc525cbfbf65,Banco Inter,1,"cara ultimamente o banco inter tá dando cada bug horrível que pela fé, e isso já está chato nunca tinha me dado problema em nada, atualmente tá deixando a desejar.",Vinicius,0,
5967c54b-d3af-450e-9d7d-b310159ff537,Banco Inter,1,Não consigo acessar minha conta porque o aplicativo fica mandando atualizar quando eu vou atualizar o aplicativo fica pedindo para mim excluir o WhatsApp alegando que eu não tenho espaço suficiente para o aplicativo atualizado,Gabriel,0,
a3a089d5-00c5-4332-8e9f-8ef6ec3ec756,Banco Inter,1,"o banco não quer abrir de jeito nenhum, estada aparecendo assim "" aconteceu um erro por aqui. já estamos trabalhando nisso. tentei novamente em breve. [AGSE43]"" EU QUERO MEU DINHEIRO, ALGUEM RESOVE ISSO LOGOOOOO",Bruno,0,
5e51241f-c5ae-4f09-a060-5fde9c22141b,Banco Inter,1,nao tem respeito com os clientes faz eu perder tempo atualizando dados cadastrais e me proibi de fazer pix se eu nao atualizar os dados mensalmente,Vinicius,0,
e4184231-ad3e-4c81-9f39-e1a183e34975,Banco Inter,1,Nao liberam cartão de crédito nunca. Aqui todos temos contas nesse banco há anos e nunca foi liberado crédito mesmo que baixo para nenhum de nós. Então o melhor é todos cancelarmos a conta e abrir conta em outro banco digital. Vai ser desse jeito.,Gabriel,0,
e1a17fcf-6a8e-4e77-9147-5cdc9c85021f,Banco Inter,1,esse banco não dá nada não dá cartão de crédito e só come o dinheiro da gente.,Bruno,0,
51d7d8ea-3fbd-4a37-8e5b-03fde4dfb0fc,Banco Inter,1,pior aplicativo pra investimentos ou os devs tem problema mental tou voltando pra XP prefiro pagar minha corretagem do que ficar sendo roubado,Vinicius,0,
7781d6e7-2a7e-43a1-bf22-a6498fabd1f3,Banco Inter,1,"parece q qndo justo qua do vc mais precisa o aplicativo não abre, msm limpando a cache. Canceladas minhas outras contas p girar nesse banco mas me arrependi. Não é possível que um banco nao consiga ter um aplicativo decente! Eu tinha 6 bancos e nenhum dava esse tipo de problema",Gabriel,1,
d7c4e460-9c00-4e7b-92fd-0515783764d3,Banco Inter,1,horrível ele não quer entrar,Bruno,0,
b858355d-ee5f-4239-bb1f-66d270c075a6,Banco Inter,1,"tá péssimo, toda hora a senha é bloqueada e temos que formatar o celular pra voltar usar esse app.",Vinicius,0,
0829c835-f33e-492b-b365-09d27b58db79,Banco Inter,1,"me enviaram um email com um suposto aumento de limite,olhei no app nada mudou,e eu cair na palhaçada.",Gabriel,0,
bc4239cc-8fc7-4eb2-bb3e-7bcb20e4c86a,Banco Inter,1,Banco ruin complicado e que da prejuizo.,Bruno,0,
7a25ce7a-0323-4e72-a3b4-2b33372e9e95,Banco Inter,1,"Não confie em banco digital, principalmente a inter, cheio de bug, não guarde dinheiro nele, sempre ocorre falhas e app fica indisponível, além da demora para eles resolverem o problemas",Vinicius,0,
555a1860-ff45-4d85-a812-edee6a827837,Banco Inter,1,"Muito ruim, meu aparelho teve atualizacao de sistema, e após isso o app pede para atualizar a senha, quando tento atualizar a senha com todos os processos de verificação (incluindo reconhecimento facial) fala que não é possível atualizar a senha. Muito ruim outros bancos não tenho esse problema.",Gabriel,0,
cb87aab8-bf43-4b89-883a-a291cd253561,Banco Inter,1,"para fazer um Pix tem que desregular a hora do celular, chato isso, se consertar isso mudarei minha avaliação.",Bruno,0,
107e7ca7-f61c-453f-9632-7c4eb204af65,Banco Inter,1,não abre mais está totalmente bugando,Vinicius,0,
bd0b94ee-a5eb-4b01-8f00-3650a7cd8ee4,Banco Inter,1,não consegue tirar foto pra fazer o cadastro,Gabriel,0,
54824097-49fd-47b7-af6a-8342e51290bf,Banco Inter,1,"não sei o que houve com esse banco, pôs minha conta foi cancelada sem vê e nem pra quê 🤷🏽‍♀️ usava ele tranquila sem burocracia NENHUMA eu no mercado usando o mesmo recebo a notificação quê, minha conta foi cancelada procuro saber as informações até hoje de resposta, deveria pelo menos explicar o porquê do cancelamento da conta.",Bruno,0,
f7158a57-332f-446d-af69-5b91385b012a,Banco Inter,1,"⚠️ESSE BANCO É UMA DESGRAÇA, FAZ COBRANÇA INDEVIDA NA FATURA, NÃO CONSIGO RESGATAR O DINHEIRO DA POUPANÇA, TOMEM CUIDADO, ELES NÃO DEIXAM RESGATAR O DINHEIRO GUARDADO.",Vinicius,0,
fc18b582-d54b-468d-9919-dcc74249eabd,Banco Inter,1,Eu não consigo cancelar as assinaturas e sempre que eu vou cancelar as assinaturas a tela fica em branco e faz algo banco inter sobre isso,Gabriel,0,
2c440ec8-50f2-4863-acdd-5f97ec5dfbf2,Banco Inter,1,o App não está abrindo,Bruno,0,
d30b9525-d499-42c7-a888-e09c44e0e20d,Banco Inter,1,fica pedindo selfie e daí não funciona,Vinicius,0,
83ee8092-6730-49ea-bc76-cd8853ea1ea5,Banco Inter,1,Cheio de propagandas dentro do App! Impossível usar sem ser bombardeado por anúncios.,Gabriel,0,
ef00a210-63f2-4872-8cab-1e53989c5018,Banco Inter,1,minha fatura vence hj e o aplicativo não abre de jeito nenhum ai fica difícil ne.,Bruno,0,
433a4cc0-29c7-487f-8ccf-8c900788a68c,Banco Inter,1,nai gostei tô sempre sem dinheiro 😔,Vinicius,0,
4f271506-6b32-48c9-bf3f-248bea2aa38f,Banco Inter,1,"nao liberam credito por nada nesse mundo, e a gota dgua e ser um BANCO que quando voce vai fazer pix APARECE PROPAGANDA DE BET sinceramente semana que vem tô migrando pra outro banco",Gabriel,0,
7a88fcdd-4f14-411e-86a4-f916a4332f48,Banco Inter,1,"O banco vai te oferecer ""CDB/Poupança mais Limite"" e o seu dinheiro vai sumir. Não confiem em um banco que não tem agência física.",Bruno,0,
0d961615-f9be-4915-97ac-c9b489450453,Banco Inter,1,"cada vez mais pesado, quase 1GB apenas do app sem contar os dados, eu quero um app do banco, não um fórum cheio de textos e imagens, se eu quiser isso vou ver num navegador e não no app do banco. poderiam criar uma versão light do app apenas para os pagamentos, cartões e investimentos.",Vinicius,1,
cfdc0c8d-65d6-4673-89df-dd447317e09b,Banco Inter,1,tentei recuperar minha conta com meu número de telefone só que ele fica todo bugado,Gabriel,1,
a34fdfb2-0ca3-4bd0-a59f-bc530faf6e55,Banco Inter,1,"tá ficando difícil continuar com a conta,o aplicativo demora demais pra abrir,dificulta as transações.",Bruno,0,
57826556-11c2-4741-becd-4a32e5781eb0,Banco Inter,1,estou desistindo do inter.antes eu gostava e indicava.. mas esse negocio de todo mês ter que atualizar!!! e sempre na hora q mais preciso...o App e mt pesado e perco MT tempo apago tantas coisas q não podia e queria ainda assim nunca tem espaço suficiente..é qd consegue tem q trocar senha q já acostumei e gosto;não reconhece selft...é outras falhas.. enfim desgastante...,Vinicius,0,
381384b5-ce87-4f97-bba1-f8039db94024,Banco Inter,1,"estou tentando acessar minha conta e não consigo ,aparece atualização cadastral mais não dá prosseguimento,depois aparece que vcs estão ciente disso ,não avisam que está em manutenção ?Preciso acessar minha conta.",Gabriel,0,
0e4ff754-241e-4a1b-9789-a863d5781738,Banco Inter,1,"Hoje mesmo estarei trocando de banco, depois das novas atualizações, tá quase impossível acessar o app",Bruno,0,
061bd611-f6e1-48ba-833c-22a57ac0f710,Banco Inter,1,"que Banco horrível, como pode parar de funcionar quando a gente mais precisa dele. só me fez raiva, não posso usar o meu próprio dinheiro porque o app simplicidade não entra, já apaguei o app reiniciei o celular e mesmo assim não funciona, não instale esse aplicativo se não quiser passar raiva",Vinicius,1,
bc6a74f8-37e4-4286-a243-0ed6a67dbdf6,Banco Inter,1,"aplicativo orrível. estou sendo impedido de entrar no app porque aparentemente tem um app malicioso no meu celular que utilizo para acessar o banco. mas o pior é que sou cego total, e uso leitor de telas para ter acesso as informações no app, e agora não tenho mais como entrar, o que faço? até para ligar para o banco, tenho que digitar o CPF, e para isso tenho menos de 10 segundos, como um cego faz isso tão rápido? não tenho nem como encerrar a conta. ficarei sem pagar a fatura do inter.culpa 0",Gabriel,0,
15733dab-3c2f-497f-93d9-eee2c23672fd,Banco Inter,1,eu não tô conseguido entra no iter,Bruno,1,
d890ead7-aedf-4427-80e2-a020e5038bd7,Banco Inter,1,aplicativo que sempre dá erro. nem entra,Vinicius,0,
53f055bc-6f0d-47d5-a7dd-26bff17951fc,Banco Inter,1,"é o pior banco que conheço, estou tentando encontrar onde pago a fatura do meu cartão de crédito do inter, no nubank aparece logo de cara que tenho uma fatura do inter para pagar, mas no banco do inter é muita dificuldade para encontrar, só mostra que foi gasto, mas tá difícil encontrar onde pagam lixo de banco.",Gabriel,0,
cd7e3131-69ad-48f0-908f-9cd0ea050755,Banco Inter,1,"agora ficou ruim, toda hora de fazer Pix pergunta se é boleto ou etc.... antes estava melhor",Bruno,1,
0f42d961-f1fe-4346-b9f4-00e3a3407a75,Banco Inter,1,"Péssimos, sou cliente desse banco há anos e nunca me foi oferecido nenhum benefício nem nada, nunca consegui construir uma relação decente mesmo que TODO o meu dinheiro passe por esse lugar, fora todos os problemas que eu tenho dia após dia com o aplicativo, bugs intermináveis de sistema. Vou manter essa conta só até terminar de quitar meu crediário e depois vou excluir esse banco. Estou cansada de passar raiva, cansada de não ser respeitada depois de tanto tempo sendo cliente fiel desse banco.",Vinicius,0,
80c897cc-8d0e-480b-b4ed-ded1d5603df1,Banco Inter,1,esse aplicativo é safado na hora da atualização ele travou r$ 10 reais ficou preso aí que é agora,Gabriel,1,
dfcb6db5-c1bd-4346-b026-5b3229f551fa,Banco Inter,1,não tem vantagem nenhuma não tem proposta então vou migrar de banco para poder ter crédito e empréstimo já que pelo tempo que uso o app não tenho acesso a isso,Bruno,0,
0abb3057-b320-4a51-85ab-1bdba72c3aa2,Banco Inter,1,"é o pior app de banco, conseguem ser ainda pior que o pan! não já basta a demora de abrir o app, vive em manutenção. Neste exato momento estou fazendo cerao e com um baita constrangimento, pq simplesmente na hora de pagar, o app não abre. tá pedindo atualização cadastral. ao clicar para atualizar, da erro. O PIOR BANCO DO BRASIL MANO, ODIO MORTAL",Vinicius,1,
b6978585-58bc-42cc-9323-e44690f6ad23,Banco Inter,1,pode movimentar o quanto quiser nunca dão limites. péssimo banco,Gabriel,0,
a7562eab-b27f-435f-9b37-b3e71056a625,Banco Inter,1,sou aposentado a mais de,Bruno,0,
0333b07f-eb80-4cdd-9399-a4a95919865b,Banco Inter,1,Oi tudo bem se vocês verem essa mensagem eu não estou conseguindo acessar a conta toda vez que eu entro no aplicativo do banco Inter cai toda hora ou quando eu consigo acessar tá travando vocês podem resolver isso por favor eu já fiz o download já fiz atualização e continua a mesma coisa,Vinicius,0,
912b8023-3606-407e-a5fb-719012b50da0,Banco Inter,1,primeiro alegou que a senha era o problema e que eu teria que trocar e foi isso por dias aí agora recebi um email falando que meu celular não era seguro e mesmo assim quando entro em outro dispositivo a conta ainda dá problema infelizmente tive essa experiência de um banco tão grande e respeitado como o inter terei que abrir uma reclamação no gov e no BC,Gabriel,0,
57c2ad83-0725-4c40-b75f-13d92a6d7f36,Banco Inter,1,"eu migrei para o inter com a esperança de nao ter problemas igual eu tive com outros bancos, mas isso se provou ao contrário, várias vezes já fiquei na mão com a lentidão desse banco para logar e agora quando eu tento fazer um resgate do meu dinheiro! nós meus investimentos, o aplicativo se recusa a fazer a transferência com erro no sistema e eu fico com dinheiro preso no banco e prejudicando eu que preciso pagar minhas contas. parabéns pela mediocridade",Bruno,0,
76dc4571-c477-463a-8984-d717d2949152,Banco Inter,1,"piorou muito o atendimento, prime é só um nome, quando estamos em outro país o atendimento no app é muito ruim.",Vinicius,0,
ae683d23-bf52-4475-bf40-99602267cb10,Banco Inter,1,a instituição perdeu o suporte ao pix às carteiras digitais (google pay e samsung pay),Gabriel,0,
e8108e57-8c38-456b-97c6-4641d2b60801,Banco Inter,1,Do nada parou de funcionar o app no meu Samsung J530G .Ja tentei reinstalar e nada.Estou sem.acesso,Bruno,0,
2e369144-bf96-426d-99ab-c6e903529bc8,Banco Inter,1,de todos os bancos que tenho esse é o o Pior app que tem ..o que mais demora pra entrar,Vinicius,0,
c80c56cb-b613-480c-b7f5-b6aa875eff7c,Banco Inter,1,"Depois dessa última atualização o app definitivamente acabou. Não funciona mais, nem sequer abre.",Gabriel,0,
e29c21af-b08a-4db5-be7e-00a6afa58c12,Banco Inter,1,"Lixo de aplicativo !!! simplesmente não abre , inúmeras tentativas .... já tô pensando em fechar a conta e excluir",Bruno,0,
8f48ff4d-d9c5-4b19-896d-235a90924d89,Banco Inter,1,não gostei bloqueou a filmagem que estava assistindo,Vinicius,1,
dde3e833-702d-48fd-9759-c273d2b02466,Banco Inter,1,"Em pleno 2026 e vc não consegue atualizar o celular pelo próprio app, coloquei CPF, e-mail e a única coisa que não bate é meu número de celular que troquei recentemente, preciso ligar na central 🤡🤡🤡🤡🤡",Gabriel,0,
1107fae6-d5c6-4dda-9405-24ca94c31edd,Banco Inter,1,tenho limite para pix não consigo usar,Bruno,0,
f478b3d4-5ffb-4306-bfee-d64d703e1ffb,Banco Inter,1,estou a 4 dias sem meu app não consigo reinstalar o que está acontecendo não consigo contato com suporte,Vinicius,0,
d20a1b4f-87b0-4b8c-a90f-61b2236bb777,Banco Inter,1,"qual foi inter, me nota aí tô sem acesso a minha conta já faz messes. vcs nunca deixa eu entrar, sempre bora um erro ou seilar. tô quase desistindo desse banco sério mesmo 😡",Gabriel,0,
5b987f91-a20d-4de7-bfa4-b54b492fc9f6,Banco Inter,1,se quiser o comprovante da conta tem que ir pro computador aff,Bruno,0,
9c18ecf9-639c-4dae-83e6-0faad4ea1b75,Banco Inter,1,Com a atualização do App de hoje 21/08/2026. Não conseguia entrar na minha Conta.,Vinicius,0,
564ed36b-0ce7-4241-95aa-7d3f61422ea1,Banco Inter,1,"Começo do ano no app apareceu o carnê sem cartão e foi bom porque, eu estava precisando de um fogão porque o meu explodiu, o carnê foi de 2.700 então deu para comprar, aí paguei as 3 prestações e acabou , até aí beleza, mais o crédito voltou com 700 reais e depois 1.200 , eu sei que não dá para uma geladeira ou uma máquina de lavar, só que hoje descobri que não posso dar um valor de por exemplo 2.000 reais de entrada e não dá pra escolher a parcela mais , não recomendo...",Gabriel,0,
213b3de9-fafb-44f3-b44f-23dce1a14cce,Banco Inter,1,"O App é terrível de entrar, misericórdia",Bruno,1,
d144ef72-d41d-4a00-beb2-7372724eca61,Banco Inter,1,"acabei de entrar no app e mandou eu atualizar meus dados, ja vou falando. se o app vim com paiasasa. vou tirar meu dinheiro e fechar a conta e meter marcha pra bipa",Vinicius,0,
65f26914-c5db-47b7-933c-0a863aedc45a,Banco Inter,1,"Pessimo banco. Não libera limite por nada, meu limite hoje é metade do que eu recebo. Experiência nojenta, só dor de cabeça nesse banco horrível, pra ser ruim precisa melhorar muito ainda",Gabriel,0,
3b27f45d-167c-4e25-8f3c-ab93e706fadb,Banco Inter,1,"horrível app não presta, na hora de fazer a conta ela reinicia sozinha",Bruno,1,
b8d35b33-c924-473f-83c9-cb7f3910c6ef,Banco Inter,1,"as últimas atualizações tem impedido de abrir o aplicativo. Nunca mais consegui entrar no aplicativo não recebi nenhuma solução, provavelmente vou fechar minha conta e não vou mais indicar o banco pra ninguém.",Vinicius,0,
cfddbacc-0d22-484a-bb27-571800374691,Banco Inter,1,Tão Bom que mudei para o BTG pactual,Gabriel,0,
ce5dedcc-7202-44a4-8b4b-16fdb86f1325,Banco Inter,1,"Desde hoje (01/09/2026) não consigo entrar no aplicativo sem que ele peça pra redefinir a senha; já redefini hoje mais cedo, e ele está me pedindo pra redefinir de novo.",Bruno,0,
509cac22-7334-42dd-9c9f-7fee3e60b942,Banco Inter,1,"Eu fui cliente do Inter por muito tempo e também já o recomendei a amigos. Eu retirei tudo o que eu tinha deles e migrei para um outro. O motivo? Eles dobraram a aposta em manter esse maldito fórum que não é um fórum. É uma rede social pra lá de chumbrega que praticamente só a equipe do Inter usa. Deveriam acabar com essa escala irracional de compromisso e focar em melhorar o essêncial. Até hoje não arrumaram a popup irritante quando selecionamos uma categoria no Pix. Enfim, não recomendo.",Vinicius,0,
7651f9c0-6997-4332-a37e-8b2a460f2f67,Banco Inter,1,o inter era tão rápido de baixar e funcionar agora tá me deixando decepcionada indiquei pra várias pessoas e agora tá deixando a desejar,Gabriel,1,
52d6a4db-d275-4674-9e81-9acc295601fb,Banco Inter,1,"Não consigo entrar na minha conta, o App não carrega depois da última atualização, fecha sozinho.",Bruno,0,
c0e91f71-c549-4a0c-93d1-569fa6df6d43,Banco Inter,1,"Por gentileza, removam a obrigação de fornecer minha localização ao utilizar o aplicativo. Essa permissão é muito invasiva",Vinicius,0,
4382449a-2f22-4013-a1c3-107dee2da78f,Banco Inter,1,esse banco não presta !!!!!! quero meu dinheiro .,Gabriel,0,
15ea70df-a803-456b-8ef7-80147150bd97,Banco Inter,1,"Aplicativo cheio de bug, não consigo ter acesso ao meu cartão virtual, domingo estavam pedindo para desbloquear o cartão no app, sendo que eu estava usando normal um dia antes, nada no aplicativo está carregando.",Bruno,0,
f2b25d2f-93f5-47d8-875d-8f54651697a4,Banco Inter,1,"Do nada com mais de anos de conta, apareceu algum bloqueio que impede de abrir meu aplicativo, já atualizei tudo reiniciei não adianta vou ser obrigado a abandonar minha conta, entrei pelo Cel da minha filha tirei meus dólares e não invisto mais. Isso não pode acontecer.",Vinicius,0,
01f0df6b-09a3-4f32-a86c-7aaed26bd0b1,Banco Inter,1,"Estou a 10 dias tentando simplesmente pagar o meu consignado atrasado, ou fazer um acordo, não consigo o SMS e nem quando abro a conta aparece o que tem atrasado ou opções de pagamento. Nem nos canais telefônicos consigo alguém responsável para me atender. Enquanto isso, os juros por atraso só aumentando. É de indignar!",Gabriel,0,
4ba5b26f-c11b-4d25-9d97-9000dec17021,Banco Inter,1,"toda vez q eu preciso ele pede atualização de dados e toda vez o app buga e fala q deu erro, e fico com todo meu dinheiro preso sem conseguir acessar. Pqp me mata de odio",Bruno,0,
7e004d2a-1b2d-40b8-ad32-d70e9174486e,Banco Inter,1,"tenho conta nesse banco a um bom tempo, só que de uns 2 meses pra cá foi só decepçao, primeiro cancelaram meu cartão sem motivo e depois mandaram 2 cartões que nunca chegou e agora quando chegou o terceiro cartão depois de 2 meses aí o cartão consta no sistema que tá extraviado. nunca pensei que um banco desse tivesse tanta gente incompetente trabalhando.",Vinicius,0,
6fa4fb6a-cefd-44c5-a81f-b0dd5d27080c,Banco Inter,1,Não consigo usar o app e preciso realizar transferências importantes. Qual o contato do suporte?,Gabriel,0,
d97560bd-807f-49ab-bc01-b5965e0ff642,Banco Inter,1,"Em contato com a Amanda na central me foi passado que essa versão atual está dando problema de acesso em cerca de 100 modelos de aparelhos e que até o dia 03/09 seria corrigido o problema com uma versão. gostaria de saber se procede a informação repassada e se o app atualizado será liberado antes, pois estes correntistas não podem ficar sem acesso a conta por um erro do banco.",Bruno,0,
02fadea2-0dc6-491e-b547-8de9ed21b47e,Banco Inter,1,"não estou conseguindo entrar na minha conta, quando chegar na etapa do reconhecimento facial reinicia para a parte de digitar a senha, já tenho alguns dias tentando, esse app já foi bom.",Vinicius,0,
24d06c9e-226d-4643-b110-262e5cd98057,Banco Inter,1,"Eu que uso o banco Inter há bastante tempo, tenho minha renda toda vinculada a ele, não consigo aprovação para um cartão de crédito, mas meu colega desempregado conseguiu.",Gabriel,0,
bb3cf4ab-75e7-4b5f-a46d-9fc7a2b3dc93,Banco Inter,1,"limite baixo há anos, nunca consegui aumentar!",Bruno,0,
e3320f24-b3d5-4c43-ad0d-64f78ae7c745,Banco Inter,1,não consigo cadastrar chave pix .quando solicita nova senha vc vai no e-mail pegar quando volta o app ja fechou tem que voltar tudo do começo 😒,Vinicius,0,
7abba5c0-6a35-4602-8672-f7bc6ef78536,Banco Inter,1,cade o beneficio ao ozuario do inter so passa dinheiro ai a shop salva bom clientes......,Gabriel,1,
7f9080b1-d29f-40f1-8be6-1a520f23996b,Banco Inter,1,"tá horrível, toda hora dando instabilidade, quero pagar as coisas e não consigo abrir o aplicativo",Bruno,0,
f7c18eb6-f001-4e91-9ef1-5668968cfbde,Banco Inter,1,muito ruim meu dinheiro está preso na conta não consigo fazer um Pix sequer,Vinicius,0,
65f5f884-1aee-48bc-b1af-8db44c102cec,Banco Inter,1,"Eu mudei de celular, e minha conta não vai, pq eles falam que me enviam código por via SMS e não chega código nenhum",Gabriel,0,
f36a6b7c-4df5-4740-b6f3-87389f6808aa,Banco Inter,1,"Esse banco é bom pq é rápido para acessar, faz Pix rápido, enfim... Mas o ruim dele é pq a gente não pode deixar um dinheiro nele que some do nada... E se vc contestar não resolve. Tanto eu como minha esposa já tivemos prejuízos altíssimos nesse banco. E não adianta guardar dinheiro no ""meu porquinho"" pq some também... Para mim é um dos piores banco...",Bruno,0,
72a8ac01-c21c-4f62-a68f-b1cd8fb539c5,Banco Inter,1,"Olá. O app está na sua última versão, e depois de fazer o login, o app tenta carregar a home do banco, mas simplesmente congela a tela e fecha. Tem algum requisito de quantidade de memória ram livre ou capacidade do processador? Aqui na Playstore, informa que roda em Android 7 ou superior, mas não é o que está acontecendo. Tudo indica, que ou as bibliotecas do aparelho não são compatíveis com as usadas pelo app, ou algum tipo de estrangulamento causado pelo app no hardware/s.o do aparelho.",Vinicius,0,
2c3664c6-9874-4f5c-90da-1b92aa00d229,Banco Inter,1,"De todos os bancos que ja usei, esse é cheio de fuleiragem, ja tenho meu cartão, mandei meu comprovante de renda, eu ganho bem, mas mesmo assim não disponibilizou crédito! Eu ia até assinar o Duogourmet pra pedir o interprime, mas depois dessa, simplesmente vou esquecer que tenho conta lá, e seguir com a vida usando outros cartões!",Gabriel,1,
2de95ade-f206-45da-b31d-06bb0834448e,Banco Inter,1,"Não consigo acessar o aplicativo. Pede para trocar a senha mas não dá para finalizar o processo. Olha, usamos muito o banco e, quando funciona, é excelente. De vez em quando dá algumas falhas e acaba atrasando pagamentos e gerando multas. Infelizmente teremos que trocar de banco.",Bruno,0,
50100f75-2840-482f-901f-07a149ed3022,Banco Inter,1,"meu perfil n quer entrar, meu dinheiro ta tudo nesse banco vou esperar mais alguns dias se não voltar eu nunca mais vou usar esse banco e recomendo vocês tbm a não usar, imagina você precisa pagar uma conta e o banco não abre nem o cartão funciona, e eu não fiz nada de errado, mas se voltar de novo ao normal eu volto e coloco 5 estrelas .",Vinicius,1,
0aeac919-7e32-4600-a28f-dcffc2ed63f2,Banco Inter,1,"Horrível, o tempo todo pedindo pra atualizar o Aplicativo e não atualiza nada.",Gabriel,0,
b82f62f5-06b3-41fd-9348-7baf67205743,Banco Inter,1,"fui abrir conta para minha filha de dois anos e utilizei certidão de nascimento, já que haviam me respondido que aceitam que não é necessário o RG dela(que eu ainda nem fiz) o app simplesmente diz: ops essa não é a frente do RG, então não, não dá para abrir a conta com certidão de nascimento, outra coisa acho um absurdo ter que tirar uma selfie de uma criança de 2 anos que nem para, para encaixar rosto naqueles círculos de vocês, então para menores não recomendo a conta.",Bruno,0,
96468d76-d28c-4d4c-be60-4a9dfd6962b5,Banco Inter,1,sou cliente a dois anos tenho restrições ok. movimento 2000 reais no app mensalmente. porquinho lotado de grana investimento. e não recebo 100 reais de crédito.,Vinicius,0,
be34dcac-edba-467b-b64a-a49814bf1932,Banco Inter,1,a gente vai entrar no banco e não entra diz que aconteceu eu problema e eles já estão resolvendo,Gabriel,1,
7eeea3c0-32c9-4323-891f-203febe07eb4,Banco Inter,1,"Péssimo, desisti. Inúmeros pedidos de atualização de senha sem sucesso, alegam risco. Tenho outros banco instalados no mesmo aparelho que rodam sem problema.",Bruno,0,
e32b8842-5ca1-472c-a770-a91dc25b482e,Banco Inter,1,"tem dias que tento logar nesse aplicativo e não entra, volta toda hora pra primeira parte, coloca os dados e não entra",Vinicius,0,
753b6620-91fe-4dc9-8454-e1efdc1549ae,Banco Inter,1,"pow inter colocar anúncio de tigrinho dentro do aplicativo bem na hora de fazer o pix, sacanagem quer ferrar com os brasileiros, hoje mesmo estou encerrado minha conta.",Gabriel,0,
1d240d6d-0e2a-440d-8115-beaddcb1f2f9,Banco Inter,1,O app deixou de abrir no meu telefone. Não consigo mais acessar o banco. Parabéns aos desenvolvedores e obsolescência programada.,Bruno,0,
39aa77e3-410c-4bda-830f-2fdfd07fcf0c,Banco Inter,1,"simplesmente aparece no início, atualização cadastral de segurança e nunca para de carregar, terceira vez que acontece isso quando preciso urgente fazer um pagamento, vou trocar de banco agora",Vinicius,0,
a9e3fa15-1436-43b4-8888-ba796a1d7e95,Banco Inter,1,"eu só não consigo entrar na minha conta, fica me mandando redefinir a senha e não saio desse looping parabéns aos envolvidos.",Gabriel,0,
3d0f6ede-044e-41e8-8953-490bdf41ace8,Banco Inter,1,"péssimo banco, as opções de crédito não disponibilizadas mesmo seguindo o passo a passo no nubank tudo é muito mais simples",Bruno,0,
6061685a-e304-43d0-a82f-96b0799a6b16,Banco Inter,1,não consigo logar na conta da pra mudar a senha eternamente e não entra no banco antes disso não conseguia fazer pix mesmo tendo um saldo bem alto.,Vinicius,0,
fc135fa0-fe4c-4248-80e7-43c30af6e7a6,Banco Inter,1,N consigo fazer o pix,Gabriel,0,
4e1f8e32-9685-4570-b421-3086857cb12d,Banco Inter,1,"Hoje o app é uma máquina de notificação inútil de marketing, e não é possível desativar sem desativar todas.",Bruno,1,
2ce4fb7b-3364-4c64-aa45-d57f5c550cf8,Banco Inter,1,"Péssimo, isso que eu tenho pra falar fui fazer a minha senha fiz a senha quando fui entrar disse que estava incorreto troquei a senha fui tentar com a senha nova não deu então desinstalar foi como uma livração",Vinicius,0,
92aa7be2-e71b-42cb-b728-6e1b9f42282f,Banco Inter,1,nao sei oque houve mas uso o banco a muito tempo e de repente o app nao abri de nenhum jeito no meu celular desde onten ta assim e nao consigo ter acesso a minha conta,Gabriel,0,
30a63d07-fff8-4f5a-95f5-9ded70ee8c51,Banco Inter,1,"Estou muito decepcionado com o Inter. Fizeram um desconto indevido em minha conta. fiquei mais de 7 dias sem meu dinheiro. com contas para pagar. depois de muita luta com o suporte que preciso dizer que é horrível, uma vergonha para um banco tratar os clientes assim. após uma semana ainda estornam o valor errado. estornaram 23,00 a menos sem nenhuma justificativa. depois de tanta dificuldade com um suporte horrível, a gente fica sem querer até correr atrás. lamentável não recomendo",Bruno,0,
3521d9f7-55bd-46e6-8877-a97c23ea674b,Banco Inter,1,Não prestou no meu celular e tambem estou brabo so por que e um j5 prime,Vinicius,0,
22e61dac-6fed-4a0f-8b42-c67a960b0040,Banco Inter,1,"horrível descontou metade do meu dinheiro,",Gabriel,0,
ce5ca4ce-1b23-4509-9395-48d620cb72b1,Banco Inter,1,está dando erro todo dia é não quer entrar na minha conta!!!!. é o app sempre fala que tem erro!!!! conserte isso urgentemente!!!!!!! por favor!!!!!!!!!,Bruno,0,
9d8dbff3-6606-417e-9f04-c1071eeba471,Banco Inter,1,Banco sem nenhum relacionamento com o cliente.,Vinicius,0,
cbbea993-9dc3-4527-8564-45c970eb70cf,Banco Inter,1,me fez uma cobrança de transferência de seguro Pix sendo que não solicitei seguro algum horrível,Gabriel,0,
20926d2c-0d31-49d6-82f8-aec65717fb26,Banco Inter,1,O App trava direto. e muitas funções não funciona. querem fazer um banco digital mas o App não presta. Vou encerrar a minha conta,Bruno,0,
f229e01c-5731-4b6a-a618-7a904262e487,Banco Inter,1,muito ruim o banco pior banco que eu já usei na minha vida você coloca r$ 300 no cofrinho e tem que sacar 250 qual a lógica desse banco,Vinicius,0,
2bc318d5-4474-4049-95f5-57d1f2d51f10,Banco Inter,1,"fiz minha solicitação do resgate, poupança mais crédito, Até agora meu dinheiro não entrou na minha conta, por favor veja isso, mais de 24 horas",Gabriel,0,
63c14dc6-d63a-46c9-9c18-93927cc03671,Banco Inter,1,"um lixo qdo entrou no email pra pegar o cód volta do inicio, como vou fazer se sempre volta ao início ,",Bruno,1,
741953dd-2598-46da-a5df-5b66da59584a,Banco Inter,1,"Fiz um Pix de um valor não muito alto e o banco cancelou minha conta. pedi o extorno para outra conta , mais até agora estou sem respostas .",Vinicius,0,
08bff461-68ff-413f-b5a5-b814f18b13a7,Banco Inter,1,não consigo acessar minha conta...,Gabriel,0,
23f4e3bd-13ac-4a34-b881-6a61448c7078,Banco Inter,1,"Golpistas mandam o link desse banco para vc fazer pagamentos de algo e depois q vc faz e desconfia q caiu em um golpe, pede a contestação do Pix o banco nunca te ajuda, eles fingem acionar o med, o banco recebedor diz n ter recebido nenhum pedido deste banco, resumindo: não acionam o med, enganam as pessoas.",Bruno,0,
1a3ab0b6-1a92-49e4-ba53-6ab32c27d0ff,Banco Inter,1,precisa melhorar muito tá ruim para entrar no banco,Vinicius,0,
23a9d0c1-5fae-442c-95c4-4b6b401d9cef,Banco Inter,1,E atualizei o aplicativo e não consigo acessar a minha conta (hoje é 4 dia sem acesso...Pessima experiência...,Gabriel,1,
dc91d410-db0c-4a58-9637-ba37d82cee24,Banco Inter,1,"Nota zero! O aplicativo é pesado demais! O aplicativo precisa ficar mais leve, sobretudo porque a maioria das pessoas tem celulares simples e antigos.",Bruno,0,
048e6c84-4742-4206-9d73-11dbcbdacbf5,Banco Inter,1,o App não quer mais abrir no meu Samsung j5 pro. Por que?,Vinicius,0,
8e273ac0-e05f-4b07-a2db-0701f4af689f,Banco Inter,1,"O aplicativo do Inter está extremamente lento ultimamente. Ao tentar abrir o app, a tela fica carregando por um tempão até finalmente dar acesso. Quando finalmente entra, o saldo demora um absurdo para atualizar e aparecer na tela. Para piorar, na hora de fazer um PIX, a transação fica processando sem parar, gerando uma demora enorme para conseguir concluir um pagamento simples. Está muito difícil usar o aplicativo dessa forma no dia a dia.",Gabriel,0,
34e10a2f-de77-4870-9ec4-cb957b157a8d,Banco Inter,1,"aplicativo péssimo nunca consegui desbloquear meu cartão e ainda menti , o empréstimo é só se tiver saldo no cartão de crédito .",Bruno,0,
0b87cbfd-761e-405a-aace-586b2881828e,Banco Inter,1,"uso o inter por um motivo,o crédito que tento nele , compro parcelado sempre em 4 vezes, e sempre tiro no Pix ,ou parcelo direto, agora veio um problema, não esta dando limite mais pra tirar no Pix crédito e eu não sei o que fazer lá, achei complicado de entendo , não há nada atrasada, pago tudo em dia e bem antes.bja aumentei o limite,já troquei várias vezes e nada, já atualizei meus dados nada....tá trazendo prejuízo no que mais uso nele.",Vinicius,0,
b2d3027d-75a2-4114-b573-39c724e7295f,Banco Inter,1,ja foi bom não estou conseguindo nem entrar no app,Gabriel,0,
b9c0238c-efc4-4e4f-af5f-0e3f83ba0c60,Banco Inter,1,simplesmente não consigo entrar na conta que eu acabei de fazer mesmo eu sabendo senha e e-mail número de telefone CPF é impossível entrar,Bruno,0,
1ebd773d-7c0b-46a7-ab60-8624e03745c1,Banco Inter,1,abri conta para meu filho menor chegou o cartão porém não consigo fazer o reconhecimento facial. não aceita de jeito nenhum já tentei várias formas vários dias. entro em contato com o atendimento também não consigo ajuda.,Vinicius,0,
41a8ddbd-c50b-4f5a-ae3d-513015d0f34d,Banco Inter,1,"Como tira esse banner de ""recomendado para você""??? Não tenho interesse em ativar conta global e esse banner não some.",Gabriel,0,
a815c7b0-fbcb-4761-b59c-28ca354f429e,Banco Inter,1,está horrível com esse reconhecimento fácil toda hora,Bruno,0,
8b47479a-653b-43cd-b0aa-37965c5082bc,Banco Inter,1,"banco péssimo em renegociação e relacionamento com o cliente, não entendem o momento de dificuldade na vida da pessoa, ao invés de ofertar uma opção para renegociar, insistem em ir pelo caminho mais difícil para ambos, em breve desinstalarei, nunca será tão bom quanto nubank.",Vinicius,0,
bdc3aae7-07fa-4aa2-8a15-b75c5c558df9,Banco Inter,1,Não tou conseguindo acessar meu app toda vez q entre pede pra atualizar já fiz a atualização umas 3x e não abre palhaçada.,Gabriel,0,
5698dff1-1fe8-43e9-886f-b65e45f2fc03,Banco Inter,1,péssimo tenho minha conta anos uso direto e nunca me deram limite,Bruno,0,
c807901b-b0a9-435b-a755-6bd837dbec14,Banco Inter,1,App de banco com Ad do Google? fala sério....,Vinicius,0,
6ba5359a-3f30-4129-9cee-19aa0034c550,Banco Inter,1,isso não é banco. é uma rede social.,Gabriel,1,
dc095cb3-4040-4e6f-babb-3f1edb245678,Banco Inter,1,"banco lixo, toda semana manda atualiza meu cadastro e trocar de número, toda maldita semana",Bruno,1,
d8481fdd-45bc-4378-9862-916271e68e67,Banco Inter,1,"Estou tendo um problema para recuperar o acesso à minha conta do Banco Inter. Quando solicito o código de verificação, ele é enviado normalmente. Porém, quando vou consultar o código para digitá-lo, a página fecha automaticamente antes que eu consiga informar o código. Isso está me impedindo de concluir o processo de recuperação da minha conta. Preciso iniciar o procedimento novamente toda vez, mas o problema continua acontecendo. Gostaria de ajuda para resolver essa situação.",Vinicius,0,
a783d2d5-f3a8-4cdc-9ae9-64582d6ec8ac,Banco Inter,1,caraça o app ficou um lixo tá pedindo pra atualizar os dados mas não carregar e eu não consigo acessar minha conta e tou no prejuízo por isso preciso pegar o dinheiro que tá dentro e não consigo resolva isso eu tou precisando acessa o apo,Gabriel,1,
cfada059-9eeb-411c-86ee-9022bca9b958,Banco Inter,1,app ultimamente ta horrível trava nao carrega direito e pra passar Pix demora muito sinceramente to pensando em mudar de banco,Bruno,0,
c3c55754-e22c-4a0d-af8a-899804c98c6f,Banco Inter,1,"Banco que vai te deixar na mão quando você precisar, pense bem!",Vinicius,0,
d32e7939-e5b6-47c6-802a-b93e142a7213,Banco Inter,1,app está muito.lento.e não abre.....,Gabriel,0,
7e81289f-334b-4416-8ed8-0296b4dffd44,Banco Inter,1,esse cartão é maravilhoso eu já tive mas pedir mas estou aqui novamente,Bruno,0,
aa2cb66f-2612-4e3d-9bdf-26df3b9a2fef,Banco Inter,1,"É um saco depender de serviços desse banco... nao concedem credito mesmo com score bom, por que tem eles tem score próprio, mas ficam la poluindo a interface com mil e uma ofertas... banco canalha",Vinicius,1,
c7951d55-e4e5-4e63-806f-fa910632ebe1,Banco Inter,1,"faz mais de 1 mês que assinei o Duo Gourmet, com direito a receber o cartão Inter Prime. liguei no dia 03/08 para saber a situação. Me informaram que o cartão chegaria. PORÉM NUNCA CHEGOU!",Gabriel,0,
07c3c375-c379-4532-ae78-c080779602b7,Banco Inter,1,já começou por propaganda do jogo do tigrinho dentro do app pra eles começa pegar os dados das pessoas e roubar das pessoas.. tá difícil....,Bruno,0,
9d4d2bb7-0338-451f-8909-e72d074d294b,Banco Inter,1,"péssimo, pior Banco Digital que eu já vi!",Vinicius,0,
cc442b9d-0598-41fc-baf3-c86c3701ba9e,Banco Inter,1,pois é um banco que não dá. limite a um cliente,Gabriel,0,
e39723bb-4114-4b7b-8f1f-3787e5f97238,Banco Inter,1,"A cada dia as funcionalidades são alteradas de forma confusa. Não recomendo realizar compras pelo Shopping Inter, pois, em caso de problemas com o pedido, o prazo para resolução ultrapassa 5 dias úteis.",Bruno,1,
9a8f0078-4824-40f1-8362-44212f15f1fc,Banco Inter,1,"fiz aplicação ontem de 50,00,reais e hoje,abri,a minha conta,minimizou, o valor, para, 46,00, reais,eu sou nova,na plataforma,da iti e não, entendi do valor depositado em 24 horas sem sequer"" utilizado,foi resgatado.quatro reais sem a minha concepção.",Vinicius,0,
5bb1b50c-4e5c-4012-95c2-8e0d080ff195,Banco Inter,1,"o app depois da atualização está horrível eu não consigo mais entrar ,o tempo todo o banco mostra erro e sai fecha automático.",Gabriel,1,
d81677b7-eb1a-4d6a-af55-cd282e147e9a,Banco Inter,1,estou tentando abrir minha conta mais quando chega no codigo do e-mail trava o app nao abrir mais 🤐,Bruno,0,
3ef1de8e-4053-43c2-9520-5668718f40c1,Banco Inter,1,"no dia 29/08/2026 meu aplicativo parou de funcionar, simplesmente não abre, e está assim até a presente data, não consigo acessar minha conta",Vinicius,0,
3a49aef1-0e0b-4f7e-8caf-a1fe96a73808,Banco Inter,1,Android 15 o app não identifica internet,Gabriel,0,
ba43a557-5786-4681-a25f-10bfe6f58755,Banco Inter,1,o app parou de funcionar!!!!,Bruno,1,
0bd069b6-9346-4d99-9e1d-e9c54e27e5b1,Banco Inter,1,"Não presta como um banco de crédito. Somente querem seu dinheiro pra investimento se procure uma banco de verdade que lhe ofereça crédito de verdade abra em outra instituição de banco digital como Nubank, Mercado pago e Pagbank, pois não será induzido ao crédito de investimento!!!! Estou cancelando a conta agora mesmo do inter e abri em outra instituição...",Vinicius,0,
18d382a4-29d2-4148-af1c-a686bd2ef2f9,Banco Inter,1,"de uns tempos para cá está difícil conseguir usar o App, é um parto pra abrir, um parto pra carregar o layout... terrível",Gabriel,0,
13f716ef-c679-41d6-b008-edef404e2c92,Banco Inter,1,"Fgts, não é possível antecipar parcelas do empréstimo só é possível quitar todo o valor. Carregamento do app tá muito lento ultimamente também mesmo estando atualizado... sempre que volto a usar vejo o porque eu sempre paro de usar. Serviço é horrível.",Bruno,0,
591d037c-3da7-46e1-8b92-e8a0d3a3bddf,Banco Inter,1,"roubaram meu dinheiro na cara dura auto pagaram a fatura do cartão e eu fiquei sem dinheiro para comer estava renegociando a dívida , banco Inter nunca mais, agora só guardo dinheiro no cofre fds",Vinicius,0,
2e5d7ef4-8e4b-484b-84c8-093261c47bff,Banco Inter,1,demora para analizar meu perfil de investidor,Gabriel,0,
d38a391d-1fd2-417d-882b-e199b1c210e5,Banco Inter,1,o aplicativo tá deixando muito a desejar principalmente pra quem movimenta dinheiro e o tap é mais lento de todas pra quem vende no crédito é 30 dias pra receber acho que é o único banco que é assim horivel,Bruno,0,
5219ac5a-f3ee-4e99-834f-8d5792e8f658,Banco Inter,1,"Eu não gostei do aplicativo, acho que ele precisa de desenvolvimento e organização.",Vinicius,0,
6c58595c-b06d-4984-a6a4-da0d8ce333ba,Banco Inter,1,sempre negam minha conta acho que é um péssimo banco pra administrar o seu dinheiro 👍🙄,Gabriel,0,
557d6139-20cc-4a65-86d2-d7c1caee1fcc,Banco Inter,1,toda vez que faz um peito fica perguntando várias coisas se quer isso ou aquilo a pessoa pode até clicar sem querer para comprar um serviço indesejado eu vou ter que dizer não todas as vezes que for fazer um pix ?,Bruno,0,
3cd4598d-6e29-40d0-8372-5d2a0d9c9e3f,Banco Inter,1,"TEM QUE MUDAR O TIPO DE SENHA AO ENTRAR NO APLICATIVO INTER, TER QUE CRIAR SENHA XOM LETRAS E NÚMEROS E HORRÍVEL ISTO!!! COLOCA SOMENTE SENHA NUMÉRICA FACILITA BEM MAIS O ACESSO!!!",Vinicius,1,
761d7968-dc2c-4c02-8cca-25d63b3742ac,Banco Inter,1,péssimo. ultimamente o aplicativo! apresentar falha de conexão além de problemas com Pix e compartilhar o comprovante dando erro e crédito é péssimo dificilmente liberar,Gabriel,0,
ed018c7b-b720-4443-9867-c409c874e11d,Banco Inter,1,O App está difícil de usar ele não está abrindo transferi um valor é não consigo acessar para fazer pagamento. Sem contar a lentidão na hora de abrir complicado como depositar em uma conta que o App é instável,Bruno,0,
8f0bfa88-5cb4-4718-978e-692d59d1fe0f,Banco Inter,1,app nao completa as ações de reconhecimento facial trava e volta ao inicio funcionava bem mas atualmente não conclui as etapas de documentação ou facial uma pena,Vinicius,0,
fd354455-64d1-4e1a-bf5a-9db9484f9fb9,Banco Inter,1,"A mensagem ""O aplicativo parou de funcionar"" aparece toda hora, e fecha o aplicativo. Quando abre a câmera para ler código de barras, trava tudo.",Gabriel,0,
2d54592e-5503-4258-886b-e73b3ca5eb38,Banco Inter,1,"Péssimo atendimento, pior ainda com um i.a que não sabe ler atualização: Tá ficando cada vez pior",Bruno,0,
830edf8e-3f8d-4821-b7fd-68cd57ba5010,Banco Inter,1,so consigo entra no aplicativo ser for pleo play store,Vinicius,0,
164a6f6b-4383-4bff-8efb-27b7e695f448,Banco Inter,1,"Estou tentando acessar a minha conta e não estou conseguindo. Isso está sendo frustrante demais. Por favor,resolvam isso imediatamente",Gabriel,0,
391316fb-4a15-4726-8cc1-392e20002443,Banco Inter,1,quero minha portabilidade para c6 e vcs não me dão. só tem um.jeito vou procurar o Procon,Bruno,1,
e5fc1d16-0772-4916-be1f-678bbda4935b,Banco Inter,1,"Atenção, acho que este banco não está a ser correto comigo pela segunda vez faz cobranças sem explicação certa sobre o que foi adquirido o põe o saldo em modo negativo e diz cobrar taxas pôr isso, vou já encerrar a conta, pra mim não é confiável parece desonesto.",Vinicius,0,
ae3391d8-09f9-49b0-aa93-b7d9df0540a1,Banco Inter,1,"O App tá muito lento e agora depois que atualizou, nem abre mais.",Gabriel,0,
04f54d20-98d1-49e3-9f15-a0c572e5660a,Banco Inter,1,"Olá faz três dias que não consigo acessar minha conta,,,,desconecta sozinha presciso de uma solução",Bruno,0,
b89aeb68-471f-4246-8d2d-d2fbf6ee1370,Banco Inter,1,"Tenho conta desde 2020 e sempre achei o banco bom, mas atualmente simplesmente colocaram anúncio na área pix. É ridículo que existam anúncios, como da shopee, no aplicativo de um banco. Não deveria haver anúncios no app.",Vinicius,0,
145718ad-27fa-4121-bcb9-514f04651b4d,Banco Inter,2,o aplicativo tá demorando demais pra abrir,Gabriel,0,
793bf8ce-ed7b-446c-89ae-b78dafbc09bc,Banco Inter,2,Não consigo adiantar parcelas do final da lista porquê as compras parcelas estão por traz do aviso de até 7 dias irão aparecer.... Eu puxo as compras para cima e para baixo e parece que está em um loop infinito e não deixa ver as compras parcelas do final da lista.,Bruno,0,
3a210f0d-f32b-4eae-9955-a73f5aadfa63,Banco Inter,2,"o app deixou de apitar quando gasto no débito mas apita quando tem promoções no aplicativo, o que me atrapalha demais, quando o que eu preciso é exatamente o contrário. Arrumem isso, por favor.",Vinicius,0,
61da3ce2-9df9-4ac2-8738-97e7192f4d3a,Banco Inter,2,otimo banco mas ele do nada não está deixando eu entrar na minha conta fica carregando carregando e volta pra tela inicial do meu celular,Gabriel,0,
7ccacae9-3d83-4c21-8696-105b6084c0fa,Banco Inter,2,o limite não atualiza na mesma hora quando vc coloca dinheiro da poupança mais limite,Bruno,0,
1f3eec48-2e54-439c-9f8b-42b231101075,Banco Inter,2,ta pedindo atualização e nada,Vinicius,0,
b5fbc7b1-4576-4051-8b76-486243f07944,Banco Inter,2,"Tive que alterar a nota. Tem propaganda de joguinhos dentro do app e não existe forma de desativar. Isso não agrega em nada no aplicativo e acredito que para instituição também. Péssima decisão de colocarem ads. Relevo em partes pelo motivo que nunca tive problemas, o banco é bom, com ótimas soluções, o app vem evoluindo bem e acredito que crítica construtiva ajuda a moldar um futuro melhor para ambos.",Gabriel,0,
695b0738-5d22-43a8-ac88-e10dea091d76,Banco Inter,2,"Utilizo o app faz 4 anos ou mais. Era prático, rápido, eficiente, porém ultimamente tem deixado a desejar. Demora muito para abrir, demora muito para pagar via QR code... Sem contar com a falta de respeito com a fidelidade que tenho com o banco. Mesmo deixando tudo em dia e só movimentando dinheiro através do Inter, eles NUNCA aumentam o limite de crédito, demoram uma ETERNIDADE para fazer análises, e nunca da em nada. Meus parabéns, me convenceram a trocar de banco.",Bruno,0,
361d1b23-a384-41b5-86e9-d26b919ed573,Banco Inter,2,"antigamente era bom,hoje esta difícil de entrar no aplicativo e muito lento trava muito",Vinicius,0,
ac17ed45-5d72-4a5e-928a-ca06e20107b7,Banco Inter,2,um banco bom porém em questão de contestar algum pix que não realizamos ou até mesmo caímos em golpe não podemos contar com vocês sempre fazem análise a gente espera e nada !,Gabriel,0,
36eb837d-433d-430b-932c-7a08bbe0767f,Banco Inter,2,não há limite de crédito,Bruno,0,
70987fbe-165a-47f0-8e01-2cacf0168154,Banco Inter,2,"pedi o cartão, mas tem que esperar analisar pra ver se libera limite, se eu preciso do cartão é por que eu preciso pra usar logo e não esperar 7 dias pra ver se vai liberar.",Vinicius,0,
a8b3494f-e0d7-4032-9d94-7ea9e23f81fc,Banco Inter,2,"Pq a biometria facial ainda não está liberada para Android? Meu aparelho só tem esse tipo de biometria, o que torna impossível aumentar a segurança da minha conta Inter...",Gabriel,0,
d145bd91-3f51-4456-bae3-8514243f5d7a,Banco Inter,2,as vezes nn entra na conta,Bruno,1,
b877d083-93ab-477c-8dc9-8a3df967bb83,Banco Inter,2,oque ta acontecedo nao estou conseguido abrir o app ja faz 3 dias esta horrivel,Vinicius,0,
8a66e13c-e235-47c4-9256-4cbae5ea8530,Banco Inter,2,acabei de atualizar trava e desliga sozinho quero ver meus investimentos e donada sai do aplicativo péssimo.,Gabriel,0,
4b173988-487e-431e-8a81-7606c6f156d4,Banco Inter,2,facilitar o jeito de usar é um pouco complicado,Bruno,0,
a7e05fac-771b-4f5d-b33d-c5956f1597a4,Banco Inter,2,"eu não não consigo abrir o banco, é um negócio chato que querer comprar alguma coisa e não conseguir mais acessar o banco fica dando erro toda hora.",Vinicius,0,
43cf8bcd-714a-44e1-a96c-662dd9b9712c,Banco Inter,2,A situação do banco tá tão feia assim é ? pra ter anúncio agora ..... kkkkkkk,Gabriel,0,
6ca2e069-937f-450d-a4fd-02f819ef8e98,Banco Inter,2,não consigo pedir outro cartão,Bruno,0,
f30f4369-209e-4a40-a4a6-097ddebd726e,Banco Inter,2,caixinha do porquinho é um lix̌ø. o banco tem melhorar muito ainda para ficar ruim.,Vinicius,0,
92499f87-1dbd-49ba-a8e8-54d092604afc,Banco Inter,2,"obs pensei que fosse cartão de crédito, só o cartão de débito não adianta, tenho outros cartões de crédito com limite bom, só queria um limite baixo vou deixar instalado um pouco depois irei encerrar a conta",Gabriel,1,
2f999551-af30-4105-9834-acdf823da1e4,Banco Inter,2,Atendimento péssimo; ficam tentando obrigar você a falar com uma IA muito ruim e obsoleta. Prefiram contas com agências físicas.,Bruno,0,
b9913d7f-159d-4bf1-b919-07498bc0ff24,Banco Inter,2,O aplicativo do banco parou de funcionar no Android 7? no meu só clicar ícone no app e fecha.,Vinicius,0,
8210aa43-3848-4109-a541-eb0340e8d7fa,Banco Inter,2,"PESSIMO. Minha experiência com o banco não está sendo nada agradável, trava a todo momento e até para entrar está difícil. Não carrega nada e fica dizendo que está ocorrendo erros. Horrivel.",Gabriel,0,
82895e60-bc39-4dc7-9bef-16bfa5a913f3,Banco Inter,2,tem anúncios de terceiros dentro do app. O setor de investimentos não é bom,Bruno,0,
28372843-6c5a-4b6f-9c90-af870447b64c,Banco Inter,2,"A cada atualização o app só piora. O atendimento atual é um robô que não transfere para o atendente, simplesmente o Inter entrou em decadência.",Vinicius,0,
f19fa577-5fbd-4d7d-bb6f-3760b3c66677,Banco Inter,2,ultimamente o app tá fechando qdo acessa a área de investimento ou consulta de saldo...,Gabriel,0,
ef206c16-421b-4ad1-8fb6-46673774c832,Banco Inter,2,depois da última atualização meu aplicativo está pedindo pra atualizar a senha e não estou conseguindo atualizar e não estou conseguindo mais entrar na conta,Bruno,0,
fc587b09-3399-4290-9f27-2c25d780d1a0,Banco Inter,2,n estou conseguindo entrar no app,Vinicius,0,
77c709ea-5058-46e4-a79f-215e5ce2b431,Banco Inter,2,"Com muitos cliques não consigo encontrar o histórico de transações, fora a sistemática de investimento não debitar na HR, fica bem confuso e pouco inteligível as operações. Dos app de investimento é o pior.",Gabriel,0,
78d042d3-9de2-48c2-8b2a-e8c2599685a6,Banco Inter,2,e outro tipo de serviço.vcs descontaram dinovo débito automático na conta do meu pai sem autorização.por isso a nota 2,Bruno,0,
04ad9c85-c803-4fc9-b185-52f7d9fe148b,Banco Inter,2,app está muito lento pra abrir. os outros bancos que tenho abre super rápido. mas esse demora demais .,Vinicius,0,
8235123a-b254-4291-bd5f-3ce1e9d3d7b0,Banco Inter,2,"Se ta doido oque ta acontecendo com o banco inter. Muita reclamação de varias pessoas, tinha avaliado com nota alta , mas baixei a nota , porque algo que era para ser simples e rapido nao esta sendo, que é pagar a fatura do cartao, voce paga, demora atualizar os valores, pedi para adiantar os parcelamentos, e diz que demora ate 3 dias. Complicado em 2026 com tanta tecnologia, ter essas demoras em um banco que é digital é inaceitável. Outra coisa , para pagar a fatura do cartao tem que depositar",Gabriel,0,
3677fd4d-ad80-47c2-a859-45fc9008bb45,Banco Inter,2,"deixando a desejar, sou servidor e nao consigo crédito",Bruno,0,
37ffe313-c3fd-40cf-887b-dcf2de675de9,Banco Inter,2,"Caaara, quantos bugs. Não consigo entrar nos investimentos em fundos, o app fecha, do nada. A visão do histórico de pagamentos de faturas atrasadas é esquisito, tem um feedback horrível, não dá para saber se está devendo ou já está quitado. E tenho certeza que se fuçar mais encontra mais problemas.",Vinicius,0,
f292982e-2667-4fec-b44a-77019bdb29c7,Banco Inter,2,"sempre usei, mas faz 2 dias que não consigo entrar na conta, diz que está ocorrendo um erro e já resolve mas não acontece nada, já tentei de tudo..",Gabriel,0,
5c877f72-247a-44f5-ae4b-a0860c165e3e,Banco Inter,3,eu pedi um cartão e no app disse que ele chegou porém eu não recebi meu cartão,Bruno,0,
45254303-5dfd-454a-80ec-21239b4048f7,Banco Inter,3,"Esse aplicativo ridículo colocou limite de pix diário, do nada, e sem avisar, um limite ridiculamente baixo, eu estava com pressa e precisava chamar um uber, e por causa desse aplicativo não consegui. Dou três estrelas porque ele nunca havia me deixado na mão antes, não sei o que houve, e pior, para aumentar o limite são horas de espera.",Vinicius,0,
8e1a8bce-9508-45e9-a9c3-5cdd42a5c065,Banco Inter,3,"opinei pôr 3, porque preciso de alguns opções de investimento, porém tbm gostaria de saber, meus investimentos focem em gráfico, coluna, demonstrativo, etc no geral estou gostando",Gabriel,0,
3d075a45-7865-4569-9451-f8e065b4f7e3,Banco Inter,3,o Pix buga as vezes,Bruno,0,
d7ad903e-a047-402d-90f2-89e4baa55683,Banco Inter,3,os concorrentes já tem... ainda falta a opção de guardar nos porquinhos automaticamente semanalmente.,Vinicius,0,
6cb4eaec-dcc1-4cad-a15b-b9d995787ce1,Banco Inter,3,"meio difícil abrir uma conta, já fiz as coisas tudo certo, e pediu 3 dias úteis para abrir a conta, já tem mais de 4 meses que fala isso 😓",Gabriel,0,
4bc77b6c-b2af-4c7f-897a-c478ce78d23e,Banco Inter,3,vocês pede pra entrar no e-mail pra confirmar as coisas mas só de sai do app já volta tudo início,Bruno,1,
d75b00ea-c1d9-431f-9246-2c7ba5e15574,Banco Inter,3,"Desde sábado 25/08/26,que o app não está querendo abrir. Clico várias vezes e diz que está com falha no sistema,não consigo acessar. Gostaria que o inter resolvesse,pois o app era ótimo.",Vinicius,0,
1fcdea89-bffe-41c6-aea6-04c7c31e7425,Banco Inter,3,o app precisa ter notificações sobre toda vez que uma ordem for executada na compra e venda de ações e outros ativos de investimento,Gabriel,0,
b52808fe-086a-46db-96a5-082e18fce50e,Banco Inter,3,"tem q melhorar leitura de QR code hein. não me faça levar minha portabilidade pra outro banco, (quero novo cartão pois o último que solicitei nem usei nem cadastrei e perdi em meio a mudanças, preciso de cartão pq não vou ficar dependendo do meu cllr pra tudo. logo eu que sou soldador e quebrou celular muito rapido",Bruno,1,
917df396-2d01-4587-9e2b-12e988a28203,Banco Inter,3,Invisto e gosto muito do Banco Inter porém o cartão de crédito de vocês e péssimo. Em alguns estabelecimento o cartão passa normal e já em outros não. Tem vezes que faço a compra em uma loja e quando vou fazer novamente na esma loja o cartão e recusado,Vinicius,1,
59bc4f43-ea19-4411-ac7c-b2375448ba5f,Banco Inter,3,"o app não está disponível no momento, o que aconteceu? esta desse jeito o dia todo.",Gabriel,0,
94655c10-77c9-46ef-b64e-adc5c026ba66,Banco Inter,3,"depois da última atualização, na janela do pix possui agora propaganda de marware de aplicativos que nem faz parte do banco",Bruno,0,
ab88b54a-da5b-4401-a6d6-3492142c39c1,Banco Inter,3,"Eu sou usuário assíduo do Banco Inter e indico ele para todas as pessoas. Porém, é irritante o tutorial/onboarding que é mostrado toda vez que precisamos pagar alguma conta por Pix ou Boleto. Eu já fiz um milhão de vezes esse onboarding e sempre aparece como obrigatório.",Vinicius,0,
5b65436e-8ef1-4a7d-9524-304726c4907a,Banco Inter,3,"Estou há 2 dias sem conseguir acessar minha conta. Sempre aparece uma espécie de aviso onde se lê: ""O inter parou"" + uma opção: ""Fechar o aplicativo"". lmaginava que fosse algum defeito no aparelho, levei em um técnico e ele falou que o dispositivo está em perfeitas condições de uso. Portanto, como não consigo mais acessar minha conta, estou perdendo com isso.",Gabriel,0,
88c7f308-58be-4151-bb2b-372ca1914e9e,Banco Inter,3,"Esse banco é bom, só que ele tem um problema quando preciso entrar, ele fala que tem um problema toda vez que preciso entrar, então se eu precisar fazer um pix rápido para algo eu fico na mão, e não acontece só comigo, por esse motivo está me fazendo repensar se continuo no banco ou migro pra outro que terei essa dificuldade de acessar minha conta .",Bruno,0,
620fe5d9-ba17-4bc7-b509-5d44fa4a49e2,Banco Inter,3,"O cartão e as transferências da conta global não funcionam, apenas te enganam e dão falsa sensação de segurança e liberdade. O app é bom apenas para investimentos, e com ressalvas pois os títulos de renda fixa não podem ser vendidos no mercado secundário.",Vinicius,0,
2e08f725-410a-4a25-a0d5-d4dc918d6503,Banco Inter,3,"faz dois dias que não consegui abrir meu aplicativo inter , não sei o que faço",Gabriel,0,
a8e1bee7-e7d6-4431-8962-4ac773be256f,Banco Inter,3,"Em 2020 o que chamava a atenção no app era a objetividade. Na época fiz uma avaliação 5 estrelas. Infelizmente perderam o rumo. Hoje, além de muitos popups com ofertas de serviços e produtos fora do perfil do usuário, chegaram ao fundo do poço exibindo anúncios de AdSense. Apesar de ser um app completo, essas ofertas e publicidades estão exageradas.",Bruno,0,
04889c6f-69ab-43f2-8e82-c4c8303d668d,Banco Inter,3,"o App parou de funcionar no meu celular,por gentileza poderia arrumar.",Vinicius,0,
e7e86151-d9ef-4a05-a96b-54e6d101bc00,Banco Inter,3,"nao da pra usar débito automático, um demora pra abrir o aplicativo",Gabriel,0,
d9fe0044-6fc9-4372-b5fd-9f10732eda2f,Banco Inter,3,"Já foi no passado o melhor banco (segmento Black), superava Santander Select, Itaú Personnalité e Bradesco Prime. Piorou muito nos últimos tempos, então migrei para Itaú, que em contrapartida melhorou muito, inspirado pelo antigo Inter.",Bruno,0,
1e4ce0a5-9528-410f-b5f4-5bee93ed629d,Banco Inter,3,"ultimamente estou tendo muito problema com o aplicativo pois para poder utilizá-lo estou tendo que desinstalar e instalar novamente pra poder abrir ele e isso está sendo muito estressante pra mim ,precisa de muita melhoria , o inter tem tudo pra ser ótimo mais se não fazer essas melhorias na instabilidade dele vai acabar perdendo muitos clientes.",Vinicius,0,
39d62d7c-7be0-441c-b888-39e49e5cb8a0,Banco Inter,3,O aplicativo está um pouco lento.,Gabriel,0,
0c64c776-3974-4d5d-a8cf-2db02cd696be,Banco Inter,3,não consigo entrar no app nem com minha biometria,Bruno,0,
b9de84ec-e9dc-4c60-91be-fe7e70d0d6a9,Banco Inter,3,"quero saber oq aconteceu com o aplicativo, já desinstalei e instalei denovo, ele não quer abrir tem dinheiro preso, o aplicativo zoado",Vinicius,0,
61c4665e-02e4-42a8-a752-9b566ecf41b7,Banco Inter,3,às vezes o aplicativo fica fora do ar,Gabriel,0,
3121b82b-0eda-4a2d-b5b8-7b64e16fc149,Banco Inter,3,um pouco legal mais eles rouba dinheiro,Bruno,0,
617c03b1-f6da-4e78-ac14-fdc8d289ae48,Banco Inter,3,foi preciso tentar a operação umas 5 vezes,Vinicius,0,
ef265a27-fcf4-4190-891b-ff55ea766a2a,Banco Inter,3,"cara o aplicativo é bom, mas ele tem muitas coisas desnecessárias que acabam atrapalhando quem quer um banco rápido, a parte de fórum e shop no menu é muito desnecessário, pois usamos aquilo pra facilitar no dia a dia a navegação pelo aplicativo e ninguém quer abrir o aplicativo e ir ver o fórum ou abrir o shop de forma rápida, além de tudo isso tem também as notificações desnecessárias do inter shop , que muitas vezes exageram muito.",Gabriel,0,
0dbc34dc-3bf4-4dcd-ad25-6df37820c6bc,Banco Inter,3,"como que é possível um app de banco conter Ad? propaganda de joguinho extremamente barulhento, Qual a necessidade? o App sempre foi muito bom. Uma propaganda sem mais nem menos",Bruno,0,
7c83d23f-d7ed-4a94-b22c-6a9556e4c5a7,Banco Inter,3,coloca opção errada pra gente recuperar senha .,Vinicius,0,
fe3ed82c-7470-4548-9d0e-1a0643aa91a1,Banco Inter,3,"O Inter é um bom banco, mas quando a pessoa que fazer um pagamento no crédito os juros é muito alto do que os outros banco!!!",Gabriel,0,
326d92a9-4219-4d11-98f1-20678d8b5c9c,Banco Inter,3,"demora muito pra responder, sistema e lentidão",Bruno,0,
fd313df2-3b01-4f30-93d6-32838bcc893d,Banco Inter,3,"muita dificuldade para abrir, demora uma eternidade, quando abre",Vinicius,0,
4f443719-bd78-474d-8e5e-97e0a5f561cc,Banco Inter,3,"App está travando e demorando abrir , por favor resolvam isso.",Gabriel,0,
65728718-02ca-4708-8684-a2fb43840461,Banco Inter,3,"Os funcionários são bons e atenciosos, porém o banco e horrível, não indico a ninguém",Bruno,0,
347d402c-0917-4349-b88f-88a412e05729,Banco Inter,3,"Não consigo pagar conta pelo aplicativo, ler qrcd e nem código de barras. Como ter uma conta no inter e nao conseguir pagar os boletos!!!!",Vinicius,0,
b9a3df79-0f04-4c67-88f3-317b8833b619,Mercado Pago,1,"não ajuda em nada, uso por falta de opção.",Gabriel,0,
86409649-4ab4-4f97-b934-300b4a0ef27b,Mercado Pago,1,sempre da q esta sem conexão na hr de fazer pix ou ver extrato. sempre vejo se tem alguma atualizacao a fazer e nada,Bruno,0,
1ff299a9-b456-4eba-916c-94f38eeec59b,Mercado Pago,1,"Estou muito chateada, pois estava com uma dívida e não tem opção de vê onde foi efetuado essa compra. Fui obrigada a pagar sem saber o que.",Vinicius,0,
40f3483a-fdfe-4a62-a22c-4289d4155799,Mercado Pago,1,trava na hora de enviar pix,Gabriel,0,
d23c5655-9a76-44d6-bf85-c3f4900437dc,Mercado Pago,1,não liberou crédito em dinheiro,Bruno,0,
a43d6f68-7ca5-4cf9-9301-5682770e3ca8,Mercado Pago,1,o app não consegui ver as faturas muito complicado,Vinicius,1,
d580ef09-45ea-4ccb-a52c-b36a1387d2d0,Mercado Pago,1,"minha conta mercado pago foi suspensa, não consigo acessar minha conta por motivo desconhecido",Gabriel,0,
3ed1d72e-ce10-452c-940e-471902970ada,Mercado Pago,1,muito ruim não tem cartão de crédito,Bruno,0,
60cf7882-8a55-41a2-a689-7d40fba1a446,Mercado Pago,1,cumpri os desafios de vendas tudo certo e falaram que eu não cumpri,Vinicius,0,
677b8a3d-5f4a-46d4-8454-2cd0c1b49c5c,Mercado Pago,1,não está funcionando pagamento por pix,Gabriel,0,
d46275e9-8237-426a-abe0-64ef0ad7a2dc,Mercado Pago,1,"INVESTIMENTO ENGANOSO eu fiz um investimento na liquidez diária sendo que vc pode retirar quando precisa já faz um mês que meu dinheiro está preso não rende não consigo retirar já mandei várias mensagens liguei reclamei no reclama aqui no banco central, no próprio aplicativo e nada eles não devolve meu dinheiro e o dinheiro tá preso",Bruno,0,
c72594fa-fc02-41ad-8ff1-2d4e35c0bafa,Mercado Pago,1,a pode até quitar dívida ele não faz mais oportunidade pra pessoa ainda mais com esse assistente mago é chato,Vinicius,0,
33d86e7f-f418-43d8-93a2-f4c16631934a,Mercado Pago,1,"a cada meia hora uma notificação, ninguém aguenta.",Gabriel,0,
ee476a46-294a-489c-a536-6be3a8c0fe53,Mercado Pago,1,"Emite alertas sonoros quando abre app e quando faz Pix, mesmo com celular no silencioso. Relatórios para acompanhar investimentos são precários e insuficientes Desconfio que os rendimentos não estão corretos, os valores estão abaixo do que a própria IA do Meli calculou",Bruno,0,
ef7ce3e3-7a9f-4706-babc-713208cab51f,Mercado Pago,1,"fui banido injustamente, por causa de uma denuncia falsa de um Pix recebido, foi recorrido mas não quiseram nem saber, só fala com um robô e já era",Vinicius,1,
94a73b20-2a23-4d09-bebf-9340cf8c34f1,Mercado Pago,1,"sempre pede para desativar o bc protege, sendo que está desativado há mais de 3 meses",Gabriel,0,
80a9fc88-9a54-44b5-9f8c-a8699da740ae,Mercado Pago,1,você que eu nunca vejo esse reembolso nunca vejo descontando em parcela nenhuma nem o reembolso do dinheiro 😔 😔 😔,Bruno,0,
8ba282d1-374f-4b48-a10f-41d3ce19c43d,Mercado Pago,1,está ruim nao ta abrindo de geito nenhum,Vinicius,0,
a61b16e6-ee69-4452-9dcb-b82389d56fd8,Mercado Pago,1,não quer entra no app depois q baixei,Gabriel,0,
dae34695-abeb-4661-a09d-da8a777669ed,Mercado Pago,1,"Desvantagens: 1. Não tem como reduzir o limite do cartão de crédito. 2. Não tem cheque especial. 3. Às vezes, não aceita o pagamento de Guia da Previdência Social (GPS) pelo código de barras. 4. Sumiu o botão de pagar conta via PIX com QR Code. 5. Não tem opção de fazer login com outra conta, como há em outros apps (precisa de outro celular). 6. Taxa para saques. 7. Botão de continuar fica muito embaixo, ficando encoberto nos pagamentos de PIX automáticos, daí não dá pra concluir.",Bruno,0,
3c004130-3ce2-439c-b11f-524a9fcd386f,Mercado Pago,1,"Assunto: Reclamação – Suspensão indevida da conta e impossibilidade de realizar investimentos Gostaria de registrar minha insatisfação com a suspensão da minha conta no Mercado Pago. Eu tinha interesse em utilizar a plataforma para realizar investimentos e movimentar meu dinheiro de forma segura, porém fui surpreendido com a suspensão da minha conta, sem que eu tivesse uma solução clara ou uma justificativa adequada. Considero essa situação um absurdo e um grande desrespeito ao consumidor.",Vinicius,1,
ca259485-fff5-4f0e-ad2d-56198ceebf5c,Mercado Pago,1,horrível eles tiram dinheiro da sua conta,Gabriel,0,
a03e3b8b-ff44-4e49-a559-18a7fd2aae00,Mercado Pago,1,"O app deveria ter como opção arquivar, ou não ligar junto com o mercado livre ,gosto de deixar meus apps desligados, esse chato liga junto com o app do mercado livre, mas quando você desliga o app mercado livre ele não desliga junto !!!!! Chato e invasivo .🤬🤬🤬🤬",Bruno,0,
9bb183f3-264e-44bd-9aff-29233bddafe3,Mercado Pago,1,"propaganda enganosa, faz a tarefas certinho,deposita mais de 1000 no CDI como pedem,coloca chave pix certinho e em vez de aumentar o scor p limite só abaixa kkkk",Vinicius,0,
3e3aa3bb-3bd1-4a4a-9c2d-8c41c5782b61,Mercado Pago,1,tentei abri uma conta falaram não podia abrir pq não tava disponível pra mim 😔,Gabriel,0,
c0df3541-aed6-4132-92d2-0229ed4a8c4d,Mercado Pago,1,"pior aplicativo, bloqueou minha conta com dinheiro dentro",Bruno,0,
5820e458-ad74-43a8-af14-15605ec04860,Mercado Pago,1,o aplicativo esta muito ruin nao ta fazendo o pix,Vinicius,0,
a2fb282c-16d3-4a4a-b450-28d57980e240,Mercado Pago,1,não está pagando Pix Automático no iphone,Gabriel,0,
a2622196-f323-40a3-94a3-7653dacd81a5,Mercado Pago,1,vou dar só uma estrela porque nos outros aplicativos eles liberam linha de crédito pra negativado e vcs não libera pelo menos pra mim não liberou,Bruno,0,
639fcae4-22a9-4710-8f61-9fd71b50c1f5,Mercado Pago,1,zeraram minha conta quase 2000 reais,Vinicius,0,
f9bf2ad0-eb91-4c37-b531-81271d19d478,Mercado Pago,1,como que desativa essa IA? fica no meio da tela não pensaram em uma UI melhor não é?,Gabriel,0,
e50bfa1a-f609-475d-ab9f-a80a8f85d619,Mercado Pago,1,"Não gostei do serviço,estou tentando fechar a conta e não consigo.",Bruno,0,
d7a83b29-474a-498b-8f1b-a447025df79c,Mercado Pago,1,"coloquei dinheiro no fundo de investimento e simplesmente comeram 600 reais do meu dinheiro do dia pra noite, deram prazo de 10 dias pra resolver porém passou uma semana desse prazo e nada, além disso encerraram meu atendimento e só respondem quando bem entendem, por isso não colocarei mais nada nesse banco",Vinicius,0,
ae19542b-24c1-41cf-8991-6a8695f7d99f,Mercado Pago,1,um lixo verdadeiramente um lixo,Gabriel,0,
950ae7bb-cc5f-47ec-a24a-e2410fb42b0a,Mercado Pago,1,"toda vez que vou paga com QR code fala que estou sem internet,sendo que possuo mais de 30 GB de plano,reiniciei o Cel e tudo e o problema continua ,vou ter que usar o cartão de débito infelizmente se continuar assim vou mudar de banco",Bruno,0,
2b003c44-ca0e-4719-bc70-3d4135f38f03,Mercado Pago,1,"Diminui para 1 estrela pois estão diminuindo o limite do cartão porque ""não uso devidamente"". Tenho controle das minhas finanças. Isso não quer dizer que algum momento não vá usar para compra mais alta. Serviço de terceira está de reduzir limite de cliente, ainda de alguém que paga a conta no tempo correto. E isso ainda tenho dinheiro no caixinha. Pensando em retirar. MP perdendo cliente...",Vinicius,0,
4e073043-50f1-4727-9d3a-940352f07857,Mercado Pago,1,"O aplicativo está apresentando muitos anúncios e isso está atrapalhando bastante o uso. Além disso, troquei de celular e não estou conseguindo acessar todas as minhas contas. Minha conta pessoal entra normalmente, mas quando tento acessar a conta vinculada ao meu CNPJ, o aplicativo fica apenas carregando e não conclui o login. Preciso utilizar essa conta para trabalhar e estou sendo prejudicado. Espero que resolvam esses problemas o mais rápido possível.",Gabriel,0,
3b63dc4a-f5db-4856-aeba-696f8ba9ec95,Mercado Pago,1,"CUIDADO COM O COFRINHO! O dinheiro sai do confrinho e não aparece no extrato da sua conta, quase 30 minutos depois apareceu, em casos de emergência isso seria extremamente estressante. Banco não confiável.",Bruno,1,
09ab925c-b66a-40c7-aba9-d5c761fce3fc,Mercado Pago,1,juros muito alto no empréstimo,Vinicius,0,
af9b8645-e434-44d5-b816-79bbfe12a722,Mercado Pago,1,"Mesmo pagando tudo em dias, o mercado pago manda mensagem informando que vai baixar os valores do meu cartão  por política interna, deixo bem claro que todas as dívidas foram pagas 60 dias antes e agradeço pela confiança, mas não vou ficar com uma empresa que falta o respeito com quem pagar rigorosamente antes do prazo um forte abraço e boa sorte para seus novos clientes. já iniciei a troca de aplicativo 👍🏻",Gabriel,0,
29501512-c218-4230-9413-2fd64de878ae,Mercado Pago,1,"é incrível como qualquer um consegue seus dados pessoais através de Pix, que segurança esse aplicativo tem mesmo?",Bruno,0,
9343fddd-4d03-46c0-9783-ca53519aaeb6,Mercado Pago,1,app ruim nao serve pra nada.,Vinicius,0,
2112528d-248c-4639-9649-986b49d6228b,Mercado Pago,1,Vocês abaixou meu limite de crédito favor cancele meu cartão mercado pago não mim interessa mais tenho outros melhor do que vocês,Gabriel,0,
bcce89f8-0373-4999-9e27-372f4d16c956,Mercado Pago,1,cartao de baixo limite mesmo com score alto....mercado pago nao analisa nada.pessimo,Bruno,0,
5ad8f8f4-b0e8-4dea-a4aa-5e8b0cb43fb7,Mercado Pago,1,Ativaram o DDA sem meu consentimento. Achei muito grave isso.,Vinicius,0,
c9d9f0bd-e0a1-4681-8db4-90a8e7b3788a,Mercado Pago,1,Aplicativo pede acesso a dados das redes sociais para poder usar.,Gabriel,0,
579c4108-b137-400b-a5bb-0def64af8275,Mercado Pago,1,"não confio mais, invadiram minha conta e fizeram Pix sem minha autorização, muito frágil a segurança.",Bruno,0,
e9e32974-7c81-446c-972d-8826ba970803,Mercado Pago,1,"está com instabilidade no sistema vc não conseguir entrar no aplicativo, desinstalar e instalar de novo e o problema continua, está se mostrando não ser um banco seguro dessa forma.",Vinicius,0,
c4c5694b-8ddd-47e9-a90f-2d95de2bbee7,Mercado Pago,1,fiz uma compra através de um anúncio e levei um golpe dizendo que era o mercado pago perdi 109.95,Gabriel,0,
1a5220b1-2244-4e3f-b911-2fed4c0f321d,Mercado Pago,1,Quero o meu dinheiro de volta seus ladrões!!!,Bruno,1,
77c72a15-be26-4821-8ab5-f0a8f8bb00dd,Mercado Pago,1,"Pronto, Depois da Atualização agora ficou uma Beleza 👎🏻🤦🏻🙅🏻 não consigo entrar no App, por causa da verificação de início, verificação Facial não funciona da errado toda vez que tento entrar no App.",Vinicius,0,
2f22ba7d-d24a-46ed-8377-a3303a461675,Mercado Pago,1,"Péssimo ! clonaram minha conta , cartão ,fizeram linha de crédito e ninguém consegue resolver!! sem segurança",Gabriel,1,
6b38b61e-e8e2-4196-b33a-d197fd5dda35,Mercado Pago,1,não consigo ajustar meu limite de pix,Bruno,0,
3ef66dd6-7ed4-452d-b12d-7aa2279c70fc,Mercado Pago,1,"app muito ruim, não deixam eu entrar mesmo batendo a foto do documento PERFEITO, vão sempre inventar alguma coisa",Vinicius,0,
f37682fa-6e8c-4fa4-97db-2f9ac3f3ac95,Mercado Pago,1,não consigo entra no plicativo,Gabriel,0,
3dac6d0b-311f-40c8-8a52-b3bdc755e9a4,Mercado Pago,1,Estou pagando meu cartão normalmente e estão diminuindo meu limite!!!,Bruno,0,
3673b3ee-5aa3-480f-9bb2-9eaef74d82f9,Mercado Pago,1,"Fui roubado, clonaram meu cartão e esse banco corrupto não quis ressarcir o que me roubaram.Nao vou pagar o que não devo.",Vinicius,0,
59e473d4-6d64-49c3-a748-c557bf3f8a06,Mercado Pago,1,vou desinstalar péssimo aplicativo nem deu a data do vencimento do cartão e o mercado pago fica mandando um monte de mensagens irritante o Pix dificultoso enfim não gostei,Gabriel,0,
6ad7585b-3c90-408d-b50c-28ee381bf7f4,Mercado Pago,1,Lamentável a postura desse aplicativo. Deixei investido cerca de 6000 e sequer abriram crédito para mim.,Bruno,0,
8498b048-b17a-481f-8cb2-c8b3fe5cb07b,Mercado Pago,1,"pouco seguro sofri um golpe de 1,200 Reais fraco demais",Vinicius,0,
86226796-4625-437f-ada0-8928fcf69980,Mercado Pago,1,"Prefiro a experiência de pagar com Pix, débito ou boleto pelo meu banco e cartões dele Mercado Pago é só estratégia de marketing do mercado livre, nas compras on-line não é aceito. Eu jamais baixaria nem usaria esse cartão de crédito. Você baixa o aplicativo, recebe o cartão M.P., tudo fácil e rápido ( para ter em mãos). O problemão começa qdo vai usá-lo, no aplicativo, daí o inferno é só o começo! O M. L. diz que tenho o cartão disponível, quero bem longe de mim!🏃🏾🏃🏾🏃🏾🏃🏾🏃🏾",Gabriel,1,
5f007b63-7cca-451d-9331-23b1eb651df1,Mercado Pago,1,"pior aplicativo para vc baixar, vc só vai passar raiva",Bruno,0,
71bdb4e4-492d-42f0-97bb-2b1416366163,Mercado Pago,1,muito ruim bloquearam todos me Pix recebido e ninguém sabe me informar o motivo,Vinicius,0,
da6369de-3c41-4900-9794-b68428257db0,Mercado Pago,1,"Cai nessa arapuca, juros extorsivos, atendimento por i.a, pedi desconto de juros, para pagamento avista, deram uma esmola como desconto!",Gabriel,0,
778c1586-a60b-4661-86d9-c7442c83c302,Mercado Pago,1,"paguei conta que não foi minha , tem várias transações feitas porque esse cartão não tem segurança nenhuma e ninguém aí toma providências!",Bruno,0,
194af7c6-c5df-429d-ac7b-27d009f7163d,Mercado Pago,1,Só permite acessar o app se dermos acesso às redes sociais.,Vinicius,0,
0f09f1a1-4712-476a-88e9-6f1782e3c60c,Mercado Pago,1,"pagar fatura em aplicativo ta fora da lógica, certamente vou desinstalar o aplicativo",Gabriel,0,
8fc61d96-7460-426c-9a21-25709db8b885,Mercado Pago,1,o que aconteceu com o mercado pago não está funcionando não faz Pix quero o meu dinheiro,Bruno,0,
7f8a1a3d-094e-4019-ae94-86495d7eb497,Mercado Pago,1,não deve obrigada a dar os meus dados pessoais,Vinicius,0,
0cd774d5-e989-46f3-b676-9096f0e16944,Mercado Pago,1,aplicativo bugado 🤦 faço o reconhecimento facial e fica falando que é possível ver meu rosto e fica embaçado 😤,Gabriel,0,
83de4c48-09ad-4838-a3f2-12d8a2cb5755,Mercado Pago,1,não sei porque estão utilizando meu pix ce não quero nem um tipo e cartão com vcs vou fazer uma denúncia ao Procon estão usando algo sem eu autorizar,Bruno,1,
5fb27ed9-866f-4142-8737-dc9ebcaccc2e,Mercado Pago,1,"na consigo entrar na conta , n entra na tela pra por os dados e senha e logar no app ele trava na opção continuar",Vinicius,0,
3f01ffb6-6d9c-441e-9309-47f94bc11575,Mercado Pago,1,não consigo cancelar o cartão de crédito. depois que fiz o cartão eles bloquearam todas as ofertas parceladas pelo vendedor. para cobrar juros no cartão. preciso cancelar urgente,Gabriel,1,
0316b14e-41c8-41d4-baef-de97044417ee,Mercado Pago,1,porque não não tem acesso a minha conta,Bruno,0,
d35adbd9-5bfa-45b6-b092-9d6034e099d4,Mercado Pago,1,"após a última atualização os botões para confirmar pagamentos ficaram extremamente baixos na tela se confundindo com os botões de voltar e menu do celular, não estou conseguindo utilizar o aplicativo.",Vinicius,0,
3728aea7-8cde-4792-8027-e88fd0f404a9,Mercado Pago,1,dinheiro retido sem justificstiva cuidado,Gabriel,0,
338e9ce9-e1f7-4f98-88a8-bb91dfb6a85f,Mercado Pago,1,Tive experiência horrível com mercado pago.,Bruno,0,
39f00002-3a17-4fdf-bc65-9b4fa70b5b50,Mercado Pago,1,não gostei abaixou meu limite nota baixa até volta meu limite ou aumenta mais ok,Vinicius,0,
3ef67c24-52f9-4f44-8382-93c6e776488e,Mercado Pago,1,"estou desde junho de 2026 tentando abrir a conta PJ e mesmo tento enviado a documentação solicitada, continuam recusando. Não ha como esclarecerem minhas dúvidas, mesmo após infinitos questionamentos. banco digital ruim.",Gabriel,0,
19b3bfb4-a05e-498f-82ed-377b724e9723,Mercado Pago,1,"eu até no começo tava gostando do mercado pago, mas desse dia em diante não curti mas",Bruno,0,
d6396746-e902-45ec-b490-c578a526404b,Mercado Pago,1,"tive uma péssima experiência recentemente, sobre o pagamento de faturas, querendo que eu pague valores absurdos em um cartão de baixo limite, não recomendo.",Vinicius,0,
4b92daa9-85b0-447b-94a0-a688879dea9b,Mercado Pago,1,"Desconto indevido na minha conta me deixou muito desconfortável,não comprei nenhum Google Brasil pagamentos,já e a segunda vez uma vez foi 100,00 e agora 127,33 retirados do meu Pix.",Gabriel,0,
8d5c3ea1-4a70-4f6c-a90b-5d7b263e6a19,Mercado Pago,1,não está funcionando pq não está abrindo,Bruno,1,
e2f3ed9d-5922-4d71-be0a-e20d3ae216b1,Mercado Pago,1,atualizei o app e não está mais funcionando,Vinicius,1,
e1a9e030-7f4f-4f5c-a754-a447d88b9104,Mercado Pago,1,"muito ruim, minha conta foi cancelada pelo próprio mercado pago, e eles não liberam as parcelas do meu empréstimo para mim fazer o pagamento antes do vencimento, somente após vencer eles manda a parcela com juros, quando o culpado do atraso e o próprio mercado pago que não disponibiliza meios de pagamento da parcela",Gabriel,0,
39be985e-68b2-49d1-a0a0-e502b8a79d75,Mercado Pago,1,olha se começa inventado dizendo que tenho que pagar isso aquilo tirando dinheiro da conta não compro mas nada pelo mercado livre outra larga tirando de que não tem,Bruno,0,
5a979713-39fe-45cf-a1a9-dbefb689b952,Mercado Pago,1,agora toda vez que vou entrar no app tenho que fazer fácil. depois dessas última atualização. tá péssimo,Vinicius,1,
d91f35e6-e15a-4de5-b83d-d45fb2e60186,Mercado Pago,1,"coloquei dinheiro para fazer o parcelamento e sumiu, acabei não conseguindo fazer o pagamento 😕😡😡😡",Gabriel,0,
5c583ed3-3e5c-46ff-8c0d-592f63c3638e,Mercado Pago,1,nao posso da uma estrela pra esse banco pq eles nao gosta de aumentar o limite dos clientes isso e humilhação horroroso mas infelizmente tenho que dar uma estrela mas a intuição e péssimo,Bruno,0,
4becc19e-2103-438f-939c-ddd07dd9e661,Mercado Pago,1,não sei oq acontece o app está travado num reconhecimento fácil já fiz uns dez vezes e diz que não foi possível me concluir o reconhecimento como isso eu não sei sendo que sou eu mesmo que tô tentando abrir ha conta estou decepcionado com tudo isso pq tava precisando abrir ha conta para fazer algumas coisas e não tô conseguindo se eu tivesse dinheiro lá iria ficar preso por causa do reconhecimento fácial,Vinicius,0,
6c9b7315-6ca0-4a47-a396-6f64a95a2951,Mercado Pago,1,muito bom gostei desse App,Gabriel,1,
930064b5-f0b1-423a-ac56-909447a661b2,Mercado Pago,1,não tem opção falar com atendente o IA é muito limitado.,Bruno,0,
8738b994-01e2-4aad-81fd-6e3661236b2a,Mercado Pago,1,"Estou tendo o problema de toda vez que vou entrar no APP tenho que fazer o reconhecimento facial, de mode como se tivesse entrando no aplicativo pela primeira vez! não fica gravado o acesso a conta!",Vinicius,0,
4f861f0a-1824-4cf0-903d-78c9fefea50a,Mercado Pago,1,"o mercado pago não me ajuda a aumento meu negocio,e eu sou lucro pra banco,pois vendo diariamente com o mercado pago",Gabriel,0,
72a30716-e2d2-4805-8259-170b124e9d66,Mercado Pago,1,"Não indico a ninguém, quando a gente mais precisa e entra em contato com eles simplesmente ignoram. Eu achei que fosse confiáveis, seguro e sempre agindo no melhor aí cliente. No entanto, hoje em dia após ter uma experiência muito ruim, só sofrer um golpe e entrar em contato com o mercado pago, eles simplesmente falaram que eu teria efetuado todas as transações, mesmo sabendo que outro aparelho tinha acessado minha conta e eles mesmos me mandaram vários avisos, mas não fizeram nada.",Bruno,0,
7b91588a-1c24-4d18-bb13-8b3b322e5af2,Mercado Pago,1,"começou a dar muito problema na troca de contas, fica saindo, tem que ficar sempre colocando código, é um saco, otimizem isso.",Vinicius,1,
cf02c250-ac8f-417b-b51c-9a50826b5e05,Mercado Pago,1,"nao presta a parada facial, eu tentei muitas vezes em locar iluminado, porém mesmo assim nao funcionou, n consegui nem fazer o básico que e abrir uma conta",Gabriel,0,
e5b06c60-8835-4ac1-87b2-31ea43a919f9,Mercado Pago,1,Simplesmente HORRÍVEL. Um LIXO de Banco.,Bruno,0,
1bba8867-b610-4d8f-856b-b5021de4555f,Mercado Pago,1,Uma empresa gigante não consegue resolver o problema com o BC Protege+. 🤦🤦🤦🤦🤦,Vinicius,0,
cc450a83-57b4-49cd-89ae-31788209eb94,Mercado Pago,1,"mercado pago não tem segurança, meu celular foi roubado e a pessoa sacou meu dinheiro, tem o nome diferente do meu , a self não é igual a minha que tá no app ,",Gabriel,1,
036ebe61-4ca5-41ba-90f2-d402152df952,Mercado Pago,1,estou muito insatisfeito com o mercado pago porque eu paguei o cartão hoje fiz uma compra para contar o mês que vem em diante e eles já tão querendo cobrar as parcelas que era para contar do mês que vem em diante já estão cobrando antecipado é complicado vou ficar sem o dinheiro para poder pagar essa parcela até o dia 10 e vou sujar meu nome porque eles vão eles vão cobrar juros em cima de juros,Bruno,0,
4f934d68-917e-4b66-bee9-db256000ce10,Mercado Pago,1,eu não devo nada pro mercado pago e colocaram uma dívida de empréstimo sendo que eu nunca pedi empréstimo de nada,Vinicius,0,
c2a6b370-5d97-47e6-aa00-707fd537ab98,Mercado Pago,1,Estou muito decepcionado com o cartão de crédito. Uso bastante e pago a fatura em dias e o limite não aumenta. Se continuar assim vou acabar cancelando.,Gabriel,0,
f5c361e6-4dd3-4299-81fc-3f433bbfaf15,Mercado Pago,2,muita propaganda e muito pop app,Bruno,0,
700ea3cf-381f-4aa2-83d1-d7f77fd486ec,Mercado Pago,2,"n consigo o cartão de crédito msm usando dados de outro banco. sem falar q tenho alguns cartões, meu score é bom e msm assim n consegue. vou desinstalar.",Vinicius,0,
fe6b26b9-4d14-4191-bccb-6b6c22fc7b8b,Mercado Pago,2,Não consigo programar o pagamento do boleto,Gabriel,1,
b7a7dc64-7619-4fac-815d-192e820a38d8,Mercado Pago,2,"da mensagem de pagamento insuficiente, mas nitidamente foi pago. acaba confundindo o usuario.",Bruno,0,
ee7f20f5-4856-4728-b434-f3eb5228c43f,Mercado Pago,2,Depois de atualizar não faz login no tablet SM -T725,Vinicius,0,
4a25eae6-92df-4bbe-b1cd-2207a04520cf,Mercado Pago,2,o que está acontecendo com o app que desde ont.nao faço pix passei maior vergonha numa loja a parte do pix fica com a mensagem carregando contenido .espanhol e não permite fazer pix.que odio,Gabriel,1,
cf8830c9-cf48-4270-be6a-bf77b2e0a77c,Mercado Pago,2,aplicativo esta travando demorando muito para abrir mesmo instalando de novo,Bruno,1,
ab5a77f3-aad0-42fd-abf1-25ee416122ac,Mercado Pago,2,"não,estou gostando,pois paguei uma fatura antecipada,e estão mandando mensagem dizendo que está atrasada,por tanto não recomendo.",Vinicius,0,
b0e0b3a9-716e-4a41-81b6-86949f1f1dd3,Mercado Pago,2,"prático, mas taxa alta para o cliente e taxa pra o vendedor... não gostei disso.",Gabriel,0,
9a7c5b37-81cb-49c6-89ee-d68004517dfb,Mercado Pago,2,"sempre paguei tudo em dia, e você tiraram meu limite de grana extra e abaixou o meu do empréstimo, extremamente decepcionante, eu era uma cliente fiel, infelizmente não usarei mais o banco",Bruno,0,
e308f259-a454-4c4f-a2bf-5ecabb96d677,Mercado Pago,2,"O único app que trava até o Playstore kkkkk sempre dá erro, vamos investir em um servidor melhor gente.",Vinicius,0,
9e4a6407-4f8b-418f-8758-86b00ad06b8e,Mercado Pago,2,não está tão bom pq está descontando do meu dinheiro sem minha autorização,Gabriel,0,
8d19977c-614a-4a8b-aa75-722ef3e2c87f,Mercado Pago,2,Boa tarde tô tentando tirar meu cartão,Bruno,0,
4d67c5e5-ce2d-4066-85b1-c324b09ac43f,Mercado Pago,2,pq não está funcionando direito,Vinicius,0,
96f42595-3a7c-4fe4-b704-cca5a623a8fc,Mercado Pago,2,É MUITO COMPLICADO PEDIR O CARTÃO E EU NÃO GOSTO DE ESPERAR E TER QUE PERDER TENHO,Gabriel,0,
142d5167-a8b1-4d19-9884-131822ff899e,Mercado Pago,2,"Não vou mais usar Mercado Pago por 1 única razão, Eu tenho crédito na Nubank mas não consigo crédito no mercado pago. vou voltar ao Nubank pq assim uso 1 cartão único de crédito e débito. mas o app em.si é bom.",Bruno,1,
3a4b63db-5d69-4f28-a3d5-b8654aed42c9,Mercado Pago,2,"minha maquininha de cartão point mini não conecta mais, pois o app pede para comprar outra maquininha de cartão, tbm não consigo fazer Pix, estou com meu dinheiro travado na conta, já entrei em contato e não resolveram nada ..",Vinicius,0,
9e9a05ce-4c2d-4fcf-b084-4725cb6daa51,Mercado Pago,2,não tem negar acesso as minhas privacidade. vou cancelar.,Gabriel,0,
74eb3cb1-78a0-4abf-be51-3d562f86cc60,Mercado Pago,2,Não consigo antecipar faturas futuras.,Bruno,0,
48ddf7fc-fee7-480e-acbb-6e2010ac84ab,Mercado Pago,2,"o cofrinho deveria ter FGC. seria bacana, valorizava muito o mercado pago",Vinicius,0,
ab4d3a6a-672d-4f48-887a-d1895fb2bda5,Mercado Pago,3,O app tem um modo conta negócio. Depois de aceitar essa opção ela se torna irreversível. Único modo é excluir toda a conta. por favor atualizem isso para poder desvincular essa opção.,Gabriel,0,
2884d458-670e-4242-879d-dbbc0228d23c,Mercado Pago,3,"Tem quase tudo para ser excelente, a redução das estrelas é por que não permite antecipar compras parcelas para quitação total. Apenas liberar limite através de adiantamento, o que complica, pois se fizer compra o valor adiantado abate e vem vem cobrando o item que antecipou , gerando uma confusão horrível.",Bruno,0,
bd0b7811-5408-4a5e-9aa4-7c7c18f74c0a,Mercado Pago,3,"Banco bom, mas no app não tem a opção de gerar QRcode com valor pré definido, temos que ir ao computador pra isso.",Vinicius,0,
8ae9db37-c29d-4b6c-ae08-3d21cd4407d6,Mercado Pago,3,"Oi com licença, mas eu acho que não estou conseguindo criar uma conta para minha irmã, toda vez que vou mostrar a carteira de identidade de trás dá erro e fala que não encontrou o CPF! É frustrante tentar e dá erro!!!! Já tentei várias vezes com mais de 1h!!! resolvem isso rápido! entre em contanto comigo!!!!",Gabriel,0,
10c921a6-7783-45a7-b08b-87834e81f583,Mercado Pago,3,não estou conseguindo acessar o app por favor será .,Bruno,0,
f891abef-7a3d-4005-9ba2-6208066e2dc1,Mercado Pago,3,o APP manda muitas notificações sem importância. não gosto de receber notificações fúteis no meu celular,Vinicius,0,
313219a3-e5dd-46cb-b100-7250375e9f6b,Mercado Pago,3,Agosto 2026. O app do mercadopago nao funciona a opcao reclamar de um pix pago,Gabriel,0,
17148375-aa14-4b62-93c9-d93c53287bb4,Mercado Pago,3,As vezes trava e gera Estresse,Bruno,0,
f16cdfd8-30ae-414f-a8ee-e4c74ae00bba,Mercado Pago,3,poderia melhorar a qualidade dentro do app deixando ele mais simplificado a performance dele essa questão seria importante também,Vinicius,0,
9fe33fd6-76af-4a41-b4b7-dccb4baee376,Mercado Pago,3,quero saber onde vai o valor p resgatar do mercado livre q diz q ta aq e aq nao tem o valor dito. cade meu dinheiro de resgate?,Gabriel,0,
94baa652-1f52-4407-8ccb-d25b4820c28d,Mercado Pago,3,fatura bem detalhada ao cliente será imã boa opção. obrigado,Bruno,0,
88df8f9b-08ec-4f17-9617-485c42234ff1,Mercado Pago,3,"Gosto muito do app. Porém estou tendo problema pra abrir o app. Sou profissional da construção civil, minha digital nem sempre funciona. Aí pedem reconhecimento facial, o que antes funcionava. Agora tbm não funciona mais, não aceitam nenhuma das fotos. Pq não pode ter senha? A continuar assim vou ter que diminuir minha movimentação no app.",Vinicius,0,
d03b0312-6780-4d60-8eff-ea34a3c6baf9,Mercado Pago,3,eu uso o aplicativo de um tempo troquei de celular agora o aplicativo não entra pede confirmação de dados quando eu clico em confirmar o aplicativo não responde,Gabriel,0,
219cc215-edd3-4cb1-b74f-064d07831033,Mercado Pago,3,"Falta emitir boleto pra pagar via DDA e enviar a fatura por email. A data de vencimento do cartão também é engessada, não tem data boa para mim lá. Dá pra melhorar muito.",Bruno,0,
93b54f10-2d4b-4c90-8528-4f33237fd938,Mercado Pago,3,"O gráfico ""pizza"" nos gastos do extrato era bem útil. Uma pena terem retirado ele.",Vinicius,0,
dca8619c-8cd8-46a9-841c-8518f0c8b509,Mercado Pago,3,"Nunca tive problemas com esse app, mas de um tempo para cá ele, volta e meia, fica travado na hora de abrir, só na tela amarela de carregamento. A única coisa que resolve é desinstalar e reinstalar... Considerando que eu uso essa conta para fazer pix, às vezes fora de casa, isso tem sido bem inconveniente... Pensei que o problema poderia ser meu celular, mas esse é o único app em que isso acontece.",Gabriel,0,
67c316e0-7f14-4798-b82f-78ba7889c80d,Mercado Pago,3,no começo tava muito bom mais agora não tô conseguindo fazer um pix mostra que não a conexão,Bruno,1,
1d2ea6de-da40-4c29-a701-b5da9606d067,Mercado Pago,3,juros muuuito alto já foi melhor para empréstimos.,Vinicius,0,
0ac1ee08-e0e6-474e-98aa-eb43e6d5bd73,Mercado Pago,3,No Céu É o Meu Lugar — Daniela,Gabriel,0,
d0b3a7b6-1b60-4c11-aea8-3fbbed26640b,Mercado Pago,3,O app não permite que você altere a data do cartão para data acima do dia 20 mesmo que você não deva nada para o mercado pago e todas suas tentativas de tentar alinhar seu pagamento com a data do vencimento são ignoradas pelo app e pelos atendentes. Tome cuidado.,Bruno,0,
90900e9c-5aa7-434d-b60c-98206f93dcc5,Mercado Pago,3,"O app tem uma limitação que está me atrapalhando. Ele só gera notificações de compras realizadas no débito e crédito, não gera de transferência de pix realizadas, ou de pagamentos de faturas realizadas no proprio app. Eu gostaria que incluísse a funcionalidade de gerar notificação de todos os gastos da conta, pois utilizo essas notificações para organização pessoal.",Vinicius,0,
d86e6f50-c53f-44a2-a1b9-d059325d94e3,Mercado Pago,3,"eu gostaria que o app não anunciasse para as pessoas ao meu redor que eu fiz um pagamento. isso é muito inconveniente. o app não está pedindo a digital para efetuar pagamentos, caracterizando uma falha grave de segurança.",Gabriel,0,
e4e49c85-f72d-4b47-9dbe-0032e8099bbf,Nubank,1,"estou seguindo um link de vocês e não consigo a esso ao local do link, o excesso de anúncios não permite. Saco!",Bruno,0,
b0b54320-39d7-4bf3-9915-a99aa7b488dc,Nubank,1,"Péssima, fui vítima de uma fraude, tenho conta PJ, eles cancelaram tudo definitivamente, sem receber minha contestação primeiro. E o fraudador ainda continua com conta no banco. simplesmente um absurdo.",Vinicius,0,
66eb1d23-e2fb-4197-832e-413c2bc1f677,Nubank,1,"O aplicativo não faz leitura do QR Code, já fiz de tudo limpei cachê, reiniciei o celular, desinstalei e instalei novamente nada funciona. A camera esta permitindo o acesso. Só acontece com o Nubank.",Gabriel,0,
8134007b-08f5-4495-91a7-0abf329cf427,Nubank,1,"já fiz cadastro mais de 3x e até agora,nada preciso urgente cartão e entrar direto p investir no Tesouro Selic e $ considerável !Se demorar vou p outro Banco e corretora! Aguardando urgente!Grata! IDV (sugestão ).",Bruno,0,
ad47c9d6-ba95-40cb-8f57-31a6d81520b8,Nubank,1,Deveria ser melhor esse aplicativo ter mais opções já foi um dos melhores cartões hoje na minha opinião não vale nada não tem aumento de limite vc compra muito e o limite permanece o mesmo além de terem tirado vários benefícios que tinha no cartão Nubank faça um favor cancele minha conta,Vinicius,0,
eb943f5c-75f8-42b4-b664-e614afa7fae4,Nubank,1,aplicativo vai abrir mas a algum tempo problema não foi resolvido,Gabriel,0,
781dcabb-b33d-4d02-8f8d-14d79bef803f,Nubank,1,estou sem acesso ao meu app nuba .,Bruno,1,
ded429c6-fa4f-4e2c-ab6e-217d5185250d,Nubank,1,"Atendimento TENEBROSO. TIM cobrou um valor de 60,99 no meu cartão de maneira indevida no meu cartão, por um plano que não contratei, já mandei mais de 8 e-mails para o nubank, sempre recebendo a mesma resposta genérica de robô para eu enviar um relato e documentos (que já enviei) Isso sem abordar a questão de que o aplicativo não deixa tirar print, o que é RIDÍCULO, como eu vou enviar prova? quando eu peço para emitir fatura ele não emite JUSTAMENTE PORQUE O VALOR NÃO FOI DESCONTADO ridículo",Vinicius,0,
6fa54ab2-0dc4-4615-8c0d-19460a7a9b60,Nubank,1,hoje esse banco tá com problema vão resolver ou não já faz horas dia 14 de agosto,Gabriel,1,
b3683075-1220-4780-a18f-8570d886f1ff,Nubank,1,"a análise do cadastro demora muito,faz quase um mês que meu cadastro tá em análise.Se baixei o APP e pq preciso de um pix, não dá pra esperar tanto.",Bruno,0,
dcdb1513-0b2d-4080-b173-cf128b85223a,Nubank,1,não consigo acessar o App,Vinicius,1,
52a0e252-0f88-483f-93a0-5f8b6e2bafa1,Nubank,1,horrivel nao consigo entrar no aplicativo,Gabriel,0,
c8314fa8-5629-4b00-bc5e-c5796e44b5e7,Nubank,1,"não consigo entra na minha conta nem com reconhecimento facial , troquei de aparelho porque quebrou e não tenho mais acesso a ele , quero entra no aplicativo com meu novo aparelho",Bruno,0,
25b5583a-61eb-4b5f-b513-fbb4f9be9ab9,Nubank,1,bom dia por favor poderia para abrir o aplicativo não sei em letras e sim só em número porque fica difícil para abrir,Vinicius,1,
e0953552-f470-4a11-b9a8-cb4e9d0b313e,Nubank,1,"Não inicia. E como tudo, eles mandam respostas genéricas. Se é pra falar o que o Gemini falaria, não precisa responder.",Gabriel,0,
335df8dd-5d3e-4e43-a6d7-4bd137abcdc2,Nubank,1,Não consigo mais escanear Qr code.,Bruno,0,
83994486-542a-495a-9da3-f5d4cc72652b,Nubank,1,"continua sem funcionar quando mais preciso, obrigado nubank por prender o meu dinheiro",Vinicius,0,
04189f8c-d99a-4be6-8129-ac8da657cb6c,Nubank,1,"pessoal por favor, meu boleto já tá pago e vcs continuam mandando msg que boleto vai vencer, isso é muito chato, faça uma forma de que verifique se já tá pago, e esse negócio de pedir localização toda vez que abre, muito mas muito irritante",Gabriel,0,
321534b7-bdb8-4afc-b055-973f09b0c6d7,Nubank,1,meu aplicativo da nubank entrou em análise não faz nada nenhum pix,Bruno,0,
7755ed56-fc39-49fd-9bad-7187bbf79252,Nubank,1,eu não tô conseguindo criar minha conta no aplicativo dó nubank não eu não sei como funciona isso,Vinicius,0,
89cdb722-14c5-4d42-bee1-c03e767068a1,Nubank,1,"já faz alguns anos que sou cliente desse banco ,e desde de sempre cumpro com todos os requisitos que uma boa pagadora tem que ter, mas recentemente, eles como forma de ""agradecimento "" ,diminuiram o valor disponível para empréstimo pessoal de 10 para 3 mil ,e aumentaram taxa de juros de 8,95% para 9,95% ,então eu digo á todos poupe sua saúde mental e financeira e não faça a besteira de virar cliente desse banco!",Gabriel,0,
697ce2d3-37b2-4d8d-b2a4-114c6b462bec,Nubank,1,"já tentei fazer o cadastro um milhão de vezes e sempre volta pra mesma parte, não tento mais tbm, só tô dando 1 estrela pq n tem como dar 0 estrelas",Bruno,1,
27907adc-0c45-4af2-b93a-3fc6b60afed6,Nubank,1,"HORRÍVEL! Foi um saco pra fazer minha conta,e hoje quando eu fui ver tinha reiniciado tudo! falando pra criar minha conta. sério que APP lixo,espero que arrumem isso! eu quero minha conta de volta",Vinicius,1,
4bce9b5b-9038-4ef0-a002-278ee2d9f09d,Nubank,1,fiz minha conta depois de 10 dias mandaram um email dizendo que não podiam fazer o meu cadastro,Gabriel,0,
5e2ff751-2776-48ca-93cc-6ca795b212e8,Nubank,1,tem um outro despositivo usando a minha conta Nubenk como pôde uma coisa dessa remover imediatamente,Bruno,0,
2f46a4a4-cffb-48c6-8841-f61f299b259f,Nubank,1,no meu caso diz cadastrado finalizado em menos de 1 hora resolvera meu acesso ai ja faz 3 dias ja e nada,Vinicius,0,
96a4caf6-078f-4772-a718-5d5f69b0ebdf,Nubank,1,toda hora sai de órbita. não consigo fazer Pix pq sempre diz que deu erro.,Gabriel,0,
fc1b3269-7c2e-4ba7-b369-0faae7d34043,Nubank,1,ATUALIZEI E AGORA NÃO CONSIGO ACESSAR O BANCO!,Bruno,0,
590abe23-b4bb-4a1a-bf4a-f5f0d8d3f188,Nubank,1,da erro toda vez que vou criar conta,Vinicius,0,
129bc2a7-728c-42a9-9c31-17ccc48ca69d,Nubank,1,"instabilidade no sistema, não consigo fzr nada, já reiniciei o app, desinstalei e nada",Gabriel,0,
01980be2-a7e5-48ce-8903-43d73785eeca,Nubank,1,a[assim meu crédito 3 dias nuca mais mer liberou eles,Bruno,0,
b2c5b620-2ab9-4bec-9c3b-510a7250fe43,Nubank,1,"App está com problema. Avisa que precisa atualizar, mas já está.",Vinicius,0,
b8043c15-a032-41e8-822f-9b87a586c14e,Nubank,1,não está abrindo nupay para pagar recarga indrive vou ter de usar o picoay,Gabriel,0,
667ab318-3cb0-4bf1-b7e4-d7814a000a82,Nubank,1,"O aplicativo é pessimo e fica dando problema para abrir toda hora. Da última vez deu problema quando eu precisava pagar minha fatura, a qual só é possível pagar pelo app. enfim, ficaram me cobrando juros pq eu nao conseguia acessar o aplicativo para pagar e o atendimento deles tambem é horrível! Só consegui falar com um robô e quando finalmente fui direcionada para um atendente, ele desligou. Dentre os apps de banco online, esse é o pior. Desinstalei pra nunca mais usar e nao recomendo p ninguém",Bruno,0,
314252c1-9169-4abd-8f20-46768b12cf2f,Nubank,1,1 lixo de aplicativo cancelaram minha conta sem me avisar,Vinicius,0,
3740ea0f-c5f3-43a0-bd29-a999e01f129d,Nubank,1,"o app só está dando fora do ar 🤦🏻‍♀️🤦🏻‍♀️ só estou me decepcionando com o nubank, o app simplesmente não abre",Gabriel,0,
0ba9b806-8b0e-4fa8-b033-2328fb941710,Nubank,1,não estou conseguindo ajustar meu limite de crédito está travado e quando vai fazer pagamento via Pix QR colde a tela fica branca aí tem que ficar entrando e saindo até conseguir no começo pensei que era meu celular mais depois vi que outros usuários estão tendo os mesmos problemas!!!,Bruno,0,
f8d3f9a5-0bc9-40de-84ed-31c9d32669f0,Nubank,1,"Nubank não está fazendo transferência, isso me prejudica. como vamos pagar as contas???",Vinicius,0,
7588cd64-9d14-4827-9cb3-1bd35ec7ee30,Nubank,1,tem uma semana q tendo acessar minha conta e até agora ninguém resolve nada,Gabriel,0,
be266d85-71e9-48c1-be6f-25174e3a6792,Nubank,1,"Lendo os comentários, percebi que vocês não respondem aos comentários sobre as análises de crédito, empréstimos, acordos, etc. Não querem tratar do pior lado do banco, publicamente. Aos caros leitores: fujam do Nubank. Obrigado pela atenção!",Bruno,0,
a97b0032-9645-4772-a032-9dbd6c332527,Nubank,1,"Tô pensando seriamente encerrar minha conta; pois o aplicativo não abre de jeito nenhum, o dinheiro fica preso e na hora de uma emergência a gente fica sem saber o que fazer; já me deixou na mão várias vezes; lamentável que o aplicativo funcionava bem, mas de um tempos pra cá não abre de jeito nenhum. As vezes consigo entrar, mas o problema continua de forma intermitente",Vinicius,0,
1b787552-024c-41a7-8bd8-ffcee0cb2605,Nubank,1,toda vez pede fácial ou não acesso o cartão virtual,Gabriel,0,
53b3a768-2b64-4cff-b5af-ba22241f0179,Nubank,1,não estou conseguindo ler qr Code pix,Bruno,0,
e6ba0591-c716-4f6e-b919-8ad52dd603d9,Nubank,1,"Nubank deu golpe em um monte de gente e se enriqueceu ilicitamente ao impedir as pessoas de sacarem suas nucoins. É o ""banco"" menos confiável que já tive conta.",Vinicius,0,
ac5d8a47-adf0-4f2e-b583-641b36cc7ec6,Nubank,1,nao consigo entrar na minha conta ta dando erro,Gabriel,1,
e81cbeff-a8ff-43f3-abc5-fab99e8129a9,Nubank,1,"Não recomendo. Bloqueiam o acesso ao aplicativo, se não tiver a última atualização, e ainda mentem, dizendo que está sem internet. Deixa a gente na mão, quando mais precisamos.",Bruno,0,
8be21cc2-b562-40ac-85eb-aba1abcbc19f,Nubank,1,"fiz um empréstimo consignado foi descontado em folha e estão me cobrando de novo, entupindo de juro ainda.",Vinicius,0,
30f749da-77a3-4a15-818e-b42da6f52af1,Nubank,1,os pix que estou recebendo na minha conta não cai o valor Mesmo os pagamentos estadam constando no histórico resolvam isso por favor,Gabriel,0,
95974416-d90e-4b55-8363-eec00e1703c0,Nubank,1,esse APP é muito ruim 👎 minha vó tinha colocado Pará conta compartilhada mais na hora de eu colocar minha senha não ia muito ruim não tem muita opção,Bruno,0,
b4fe1808-d1c6-4836-b0d5-e6a699d7fd26,Nubank,1,aminha opinião e que vcs são muito importantes,Vinicius,0,
d942034d-df4a-479d-8770-a31766ff527e,Nubank,1,tenho portabilidade de salário faz quase 3 anos e n me dão o cartão de crédito já desisti de pedir,Gabriel,0,
61d95173-e5c7-4bd0-b7a4-084115f683fd,Nubank,1,"O app travou na hora que eu precisava fazer o pagamento via pix. aparece que ""correu um erro"". Já desinstalei e instalei de novo, mas não quer abrir.",Bruno,0,
6dd5a843-05a3-40c9-99f3-ac7b39011e1b,Nubank,1,esta dizendo que precisa atualizar o app e nao deixa eu acessar... entro aqui na play story e cadê a benção da atualização?,Vinicius,0,
fa79fd0d-6713-4797-9378-e950f5e3c385,Nubank,1,não estou conseguindo fazer transferência,Gabriel,0,
603555d3-ec97-4f96-a06a-1daabc16ca39,Nubank,1,"Pior Banco do Brasil,se você quiser ser roubado essa é uma sugestão, é só abrir uma conta no nubank,pois no crédito ele te roubam com juros abusivos principalmente se for cartão de crédito aí que eles vão te enviar atualização de contrato avisando que o sistema está regularizado os serviços prestados e a cobrança estará entrando em uma nova atualização prestativo. Pois esse foi o pior Banco que eu abri conta digital, eles nunca resolvem nada mais te aplicam juros abusivos.",Bruno,0,
7f3f8a88-b192-4867-908e-654e2bb35e29,Nubank,1,"App péssimo. Da erro no QR-Code de pix, fica pedindo GPS toda hora, algo irritante e app não deixa antecipar parcelas da erro de conexão, mas navega em outros itens. Não sendo conexão então. muito pouco para um mundo competitivo",Vinicius,0,
ecd048d2-c3ce-4303-91c7-4075f4b0352b,Nubank,1,"minha Internet não pega buga muito chato.,@",Gabriel,0,
2da36c4c-1136-4d67-b470-0c0bdd7ad20c,Nubank,1,"quando funciona é bom, mas frequentemente precisa limpar o cache, atualizar, desinstalar e reinstalar, tudo isso sem um aviso prévio da instituição, você tem de adivinhar ou ligar reclamando para que lhe orientem. Detalhe, se o aplicativo não funciona, você não paga suas contas, não faz PIX, e quando reclama no SAC , lhe informam que tem até 5 dias úteis para resolverem o problema, segundo norma do Banco Central.",Bruno,0,
b646a216-3c0a-455d-8284-5e4834b64cc0,Nubank,1,"Não estou conseguindo acessar minha conta, aparece que não está sendo possível acessar minhas informações!",Vinicius,0,
80c32d60-cd12-4d44-b24c-e1d95cf55dad,Nubank,1,ele é muito ruim o Itaú e melhor,Gabriel,0,
5bcb7888-d69c-4a67-84c0-5f776d2109c1,Nubank,1,toda vez que eu tento me cadastrar no nubank fala que o cadrasto foi expirado e mandou eu fazer de novo eu sempre faço mas o cadastro é sempre expirado!,Bruno,0,
b7d4ad6b-c67a-436b-9d66-9088604f8441,Nubank,1,Banco lixo me negou empréstimo de 50k e acabou com meu sonho de mudar de vida.,Vinicius,0,
22e6968f-c5ba-48e5-8dae-4a62e5c7d5d4,Nubank,1,vocês quer tomar conta do meu dinheiro que safadaza é Essa podem me explicar?,Gabriel,0,
5c2bc52a-d0be-4795-946f-235d7a51dd8f,Nubank,1,não consigo entrar no banco já sou cadastrada tem cartão e tenho senha O que que está acontecendo,Bruno,0,
e0047cae-de26-43f2-b148-661b93cb35a7,Nubank,1,demora de entrar no pagamento,Vinicius,0,
41f89b6e-0ea3-46a3-9c8c-2b578bafc04a,Nubank,1,"Hoje eu realizei dois pagamentos, o dinheiro saiu da conta, mas não entrou na conta de destino. O pior é que não consigo falar com ninguém que possa orientar lá no app.",Gabriel,0,
c4f5b86f-7764-49e7-822b-5b762ed3dc02,Nubank,1,"depois de um tempo o aplicativo n abre e vc fica sem poder pegar de volta seu dinheiro, não recomendo",Bruno,0,
3800533e-e41b-4507-a5e0-05877181ef0e,Nubank,1,"aplicativo fico péssimo depois da atualização, não aparece o valor separado no extrato nem da mas para ver os rendimentos do mês a outra versão aparecia tá péssimo, penso até em migra de banco pois perde a transparência.",Vinicius,0,
1c1901a1-2f8f-4299-976e-3e95c044d7c0,Nubank,1,"antes gostava do Nubank mas agora está horrível, tento entrar na minha conta e não está dando certo, fiz todas as dicas dos comentários q o próprio nubank colocou, espero gentilmente q volte a funcionar!.",Gabriel,0,
d40d100b-f7c4-4b76-b260-9f21f6a7f59e,Nubank,1,"Banco horrível, simplesmente bloquearam minha conta, e eles se recusam a devolver o dinheiro nela. Já fazem semanas que eu mandei o e-mail de devolução mas esses ladrões nao querem nem responder.",Bruno,0,
ac6d4605-b517-401a-a751-57ab1268a249,Nubank,1,"Eu mesmo tentei várias vezes abaixar no aplicativo, quando chega no número da rua fica dando bugs cateristico nunca sai daquilo pra mim e péssimo",Vinicius,0,
468726aa-220f-4b5f-808a-b9c6991d0fb6,Nubank,1,"péssimo , não consigo pagar com QRCODE",Gabriel,0,
caaa9b33-bca0-4796-aaab-6e265ca67ec4,Nubank,1,Zero não instala nada aff,Bruno,0,
c4477509-5d61-4567-84e4-0af1390cd129,Nubank,1,fora do ar arruma isso aí,Vinicius,1,
dda9283a-0e32-445d-916d-7c217d7a5fae,Nubank,1,"gosto muito ,porém estou pensando em mim desfazer nunca aumenta meu limite não sai de 200 reais.",Gabriel,0,
831abbfa-e7fa-48db-80ef-9c5daaa1a3c4,Nubank,1,Meu app nao esta abrindo e não reconhece meu cpf,Bruno,0,
95124816-b366-40b4-951d-4736401bc6da,Nubank,1,"Olá! Estou tentando realizar meu cadastro no aplicativo Nubank, mas já tentei duas vezes e, em ambas, o processo trava na etapa de “cadastro finalizado”. O aplicativo não libera o acesso para que eu possa utilizá-lo. Gostaria de ajuda para solucionar esse problema, pois não consigo concluir o cadastro.",Vinicius,0,
87ca6c33-250b-494c-adf9-732be3d91937,Nubank,1,"E sem lógica o aplicativo não rodar no celular Samsung j2 prime com Android 6 , difícil isso viu",Gabriel,0,
394eec37-5088-46e0-bd1e-e2d6d417bc61,Nubank,1,"o uso do qr code de pagamento no pix ta muito ruim, espero que tenha resolvido com essa atualização porque ta pessimo ja tem semanas. proxima vez que eu tentar usar igual usei hoje e tiver com esse problema mudo de banco.",Bruno,0,
7d163acb-04e2-402a-9a3b-d52dcfda792e,Nubank,1,não consigo mais acessar minha conta,Vinicius,0,
b54e36fd-4960-45e6-8657-82d2b8dc2faf,Nubank,1,"lixo, juros abusivos e o servidor cai o tempo todo, não consigo nem conectar minha conta mais!",Gabriel,0,
6de41070-37e5-4092-b8eb-9870acf0b202,Nubank,1,"Péssimo e inseguro! Aplicativo fez lançamentos que nunca executei. Reclamei em vão junto ao SAC e Ouvidoria. Respostas evasivas e insatisfatórias, não abordando o assunto de forma técnica. Retirei todos os recursos dessa instituição. Quem ainda movimenta com esse banco, cuidado, e confira com atenção todos os lançamentos. São treinados para enrolar o cliente.",Bruno,0,
9c300e8a-8011-4f0a-afd7-2db29cf173a9,Nubank,1,"Olá, estou com um limite de 800 liberado para uso..porém não consigo converter o limite em saldo e muito menos usar! gostaria de uma resposta pois esse dinheiro é essencial!",Vinicius,0,
cc963e4f-325a-47bd-825b-1b15c53321ad,Nubank,1,simplesmente não consigo finalizar a abertura da conta,Gabriel,0,
4d9605ae-9902-42f9-a1b2-e9ef23e0fb80,Nubank,1,não consigo acessar o aplicativo,Bruno,0,
8d406ff4-ef59-430c-b901-31b13b9e5d1b,Nubank,1,Muito ruim fica pedindo verificação de u Imdemtida direito,Vinicius,0,
c2801ef0-5a07-4efb-a026-fd3d42e636f8,Nubank,1,"Eu não estou conseguindo limite de volta, já paguei 3 parcelas muito altas, pra ver se eles liberavam um limite bom, mais não apareceu mais pra converter limite, só diz que o limite está indisponível, assim que eu terminar de pagar meu cartão, eu vou desinstalar o app, e é uma demora pra fazer transferência, quero fazer um pagamento rápido e simplesmente não consigo logo de imediato, que demora demais pra carregar a interface.",Gabriel,0,
99626ac5-54cc-48ac-a04b-20d142f54c62,Nubank,1,toda hora fora do ar,Bruno,0,
59f0997d-9bcb-4d05-abe2-3ff3adff640e,Nubank,1,"o app geralmente era bom, mais agora está tendo falhas, quando vai pagar com QR code a tela ou fica branca ou preta e não dá pra fazer o pagamento, tornando frustante o uso.",Vinicius,0,
33363e43-2840-40be-aa19-c1cefe16c469,Nubank,1,"Sempre achei que fosse um bom banco, mas de um tempo pra cá deixou muito a desejar. o App sempre trava na hora do reconhecimento facial e não consigo usar minha conta, além disso o suporte não ajudou muito e por isso vou migrar pra outro banco.",Gabriel,0,
6a9ed4a3-aa3e-4994-9452-d96cbacf3243,Nubank,1,Nao acho graça nao aprova para quem tem score baixo sendo que o banco pan aprovou limite 2.800,Bruno,0,
b312f1ec-f644-4789-8f6e-44755ec738b6,Nubank,1,"sobre um estorno de valor feito de compra no mercado livre em 06/06/26 no valor de R$ 275,75 e dizem devolver só em 90 dias",Vinicius,0,
57d1b27f-801f-4a04-9534-7ebcdbc70d2b,Nubank,1,Não analisa pra voltar usar cartão crédito mesmo não devendo nada e vinculando outros bancos sem dívidas e fazendo boas movimentação.,Gabriel,0,
1492902f-54c9-423c-afeb-130f5b069a74,Nubank,1,to com poblemas pra atualizar o aplicativo.ta com falha ao abrir,Bruno,0,
c1818654-dfbe-4f2a-b34d-354db6249571,Nubank,1,"pior banco que eu já vi na vida,você não consegue nem enviar um Pix sem passar raiva! péssimo. banco ruim da gota .",Vinicius,0,
e9a83e44-c19e-4c97-9076-7efa9e03d4d8,Nubank,1,nao estou conseguindo acessar minha conta banco horrivel,Gabriel,0,
4a88397b-72ee-4adc-b722-3a06cbd56c96,Nubank,1,"não conseguir fazer uma conta, ta doendo várias falhas",Bruno,1,
84317d76-a899-4af0-9265-3aa767cc7a80,Nubank,1,erros no sistema onde não permite a pessoa acessar a própria conta,Vinicius,0,
fbf726a1-df5d-467a-a39c-01c4f9f84171,Nubank,1,"Juros super altos e uma redução de limites sem necessidade. Jan 26: Suporte lento e ineficaz. Removeram o link de cobrar cliente, sem aviso, inclusive. Encerrar conta pode ser um desafio.",Gabriel,0,
6da76892-26ef-4f6a-891a-3f1329b7df39,Nubank,1,"ridículo, está praticamente obrigado o cliente a migrar para o croma",Bruno,0,
acc8933e-3718-4d2a-a8ff-45b3e7ad9cb0,Nubank,1,"já atualizei, e toda hora pede atualização. muda a tela e nao consigo finalizar o pagamento.",Vinicius,0,
617485f8-8d7e-4420-9579-7d53fc533efd,Nubank,1,esse banco é muito ruim principalmente na selfie por isso muito gente dão calote por dificuldades para acessa quando esqueci a senha eu tenho problemas de tremedeira na mão ai ficar impossível eu vou reclama no site reclame aqui pra achar alguma solução ou então vou deixar esse nubank pra lá eu tentando pagar empréstimo sendo barrado por burocracia absurda pra quer todo isso pq os maiores ladrão tão dentro do próprio banco é só ver o panamericano grupo Silvio Santos,Gabriel,0,
f667235f-c8d4-4708-8ede-a43ab4c184a5,Nubank,1,eles falaram que iam me mandar o código e o código não chegou,Bruno,0,
ac271713-92f6-4268-b8f3-34e860b9e7fa,Nubank,1,banco que não conecta com proxy e vpn. lamentável.,Vinicius,0,
905cea93-03aa-4f01-96d0-7bb6533b65b0,Nubank,1,"vive travando,o dinheiro fica preso,depois pede foto, tá chato demais isso.muita gente tendo esse mesmo problema, é preciso melhorar sem prejudicar ninguém.",Gabriel,0,
ad2882eb-9c5a-402b-8412-fd5ffa520c20,Nubank,1,"app horrível,não tem atendimento, apertei no botão de fazer um cartão sem querer e agora não sai mais da mesma página,fica naquela msm página o tempo todo,já desinstalei o app,e não muda ND,eu odiei péssimo app,não abaixem",Bruno,0,
5d557054-2648-408d-97ad-ac3912404392,Nubank,1,"Está dando instável, não consigo entrar no aplicativo",Vinicius,1,
fb79c758-f0e1-4c32-8454-66d930c5c628,Nubank,1,"O Nubank aprovou compra fraudulenta no meu cartão virtual, após várias tentativas com valores altos em várias empresas em menos de 30 minutos, e ainda manda e-mail notificando que realmente foi tentativa fraudulenta afirma ter bloqueado o cartão e manda outro e-mail dizendo que abriu disputa e que há possibilidade de eu ser obrigado a pagar um golpe. Péssimo banco . NÃO É UMA EMPRESA CONFIÁVEL. Abri inclusive reclamação no RECLAME AQUI ontem, dia 20/08/2026. NÃO RECOMENDO.",Gabriel,0,
fc852493-f227-481f-b024-78d386c353f2,Nubank,1,eu estou com dificuldades em digitar as chaves pix ....sempre da erro ... so consigo enviar se ja estiver salva ..caso o contrário não dá pra enviar se eu digitar ou copiar e colar,Bruno,0,
400a3fa1-1b10-4010-ae70-972cda86078c,Nubank,1,eu vou dar uma estrela pq faz tempo que fiz uma conta e não foi aceita até hj,Vinicius,0,
808ddeb8-176d-4252-93f9-dd34427ae503,Nubank,1,o meu não está lendo que ericode mas na,Gabriel,0,
8abd54f8-3a9b-4b8a-bc55-468482b661d1,Nubank,1,"Aqui no meu celular não está abrindo mais o app, fica apenas na tela roxa e nada mais, podem ajudar?",Bruno,0,
5f79f9a4-66f4-4595-b34c-308713a2edd0,Nubank,1,horrível eu estou a horas testando recuperar a conta que saiu sozinha!,Vinicius,0,
91e5662c-2980-4721-8aae-7c3d5b2d28c1,Nubank,1,"Se diminuir a taxa do empréstimo pessoal ficaria perfeito, fui ver o valor necessário para comprar um celular, com o valor final ao invés de comprar somente um celular eu conseguiria comprar Dois!!",Gabriel,0,
c43ad0a2-68a1-4d55-be79-edb8956be431,Nubank,1,"Esse aplicativo me enganou, ele falou que o cadastro ja está finalizado, e está em análise, mas ja fazem 16 meses que ainda está em análise, falsoss",Bruno,0,
3cdee400-4c61-4366-9e16-d6ae2d613af5,Nubank,1,nubank caiu de profissionalismo parece um banco de padaria duas horas pra ler um QR code e quando não faz a gente passa vergonha na fila do caixa que banco horrível,Vinicius,0,
3713d890-ad2c-4e34-9e2e-281f1d41a9e3,Nubank,1,"já foi bom esse banco , agora sempre dando problemas . troquei minha senha senha de acesso duas vezes e simplesmente não consigo acessar a minha conta .",Gabriel,0,
6175e8f1-6943-4040-8c47-9eed7d89fac8,Nubank,1,banco ficou inútil não oferece crédito não tem limite de nada só conta de débito não tem serventia pra nada e meu nome e limpo score tá em 790 no Serasa no próprio nubank 890 e estou com os mesmos 400 reais de cartão de crédito a mais de 4 anos só mantia a conta porque liberava empréstimos mais agora com a IA não tem mais serventia essa conta,Bruno,1,
841dd50b-cfa4-4bab-ab83-8e8927470b4d,Nubank,1,o app tá instável? não tô conseguindo entrar no app hj,Vinicius,0,
892db843-54ab-4425-86fe-abf7966b5155,Nubank,1,"Sistema q avalia o crédito dos clientes é ridículo. Quase 10 anos de conta, com empresa com conta CNPJ no banco, e tenho limite menor do que conhecidos que acabaram de abrir conta e ganham salário mínimo. Estou com um limite de crédito q é 3x menor q minha renda mensal e não aumentam a mais de ano mesmo com pedidos meus. Enfim, inuteis.",Gabriel,0,
4adcb303-20d3-4a53-9cb9-91ec351515b5,Nubank,1,"Descobri que tenho uma dívida de 900,00 reais sendo que nao tenho conta ou cartão do NUBANK?",Bruno,0,
adcfa994-a807-4deb-9a3e-15d6a122742d,Nubank,1,fazendo três anos que avalia e não libera o cartão prá y,Vinicius,0,
6d34badc-f653-49b4-80c6-f461b676a963,Nubank,1,entra um Rak no meu celular que consegue entrar nas contas de qualquer banco meu daí eu desinstalo e instalado de novo para o rak nao ter mais assesso nas minhas contas,Gabriel,0,
68f20616-8004-451a-a47e-1513776c28da,Nubank,1,"No momento que mais precisei, tentei entrar no aplicativo para fazer um pagamento e apareceu que ""estava sem internet"" (o 5g estava funcionando perfeitamente) e simplesmente deslogou da minha conta.",Bruno,0,
0828ee9d-bebb-4ddb-9cb6-80b6ea1a9b5f,Nubank,1,depois que cancelam o cartão não dão outra oportunidade de ter crédito novamente,Vinicius,0,
21a13d7c-72da-4798-9cf6-53f681106dae,Nubank,1,aplicativo travando o tempo todo estamos em 09/2026 e o problema persiste da p acreditar kkkkkk,Gabriel,0,
3e823862-ff0c-416e-8024-1d177df60852,Nubank,1,"caiu e me fez passar maior vexame, espero que cumpra com o prometido, de ser um banco seguro e prático, sempre gostei da eficiência, mas me desapontou.",Bruno,0,
ccd6c788-27d8-4785-aa19-724a05769749,Nubank,1,o aplicativo de alguém está dando erro Por que o meu está dando erro administração do aplicativo pode entrar em contato comigo por favor me dizer o que está acontecendo com o aplicativo espero o retorno de vocês,Vinicius,0,
d2633e72-eb58-45d1-b983-da20baaac818,Nubank,1,Tela branca na hora de fazer pix no Qr Code,Gabriel,0,
79e66982-71c8-43f6-860e-74fa799842a4,Nubank,1,Simplesmente decidiu não abrir faltando 5 minutos para eu ir a escola.,Bruno,0,
278a3a22-2bec-4957-8a26-d48929deb1d4,Nubank,1,"instalei a 2 dias, e minha conta de investimento foi desativada por inatividade. inacreditável",Vinicius,0,
217139c6-06bf-4c7d-b783-242d0a5afc96,Nubank,1,"Eu gostava muito do app. Concentrava investimentos e compras no cartão. Gostava de como as caixinhas eram organizadas, pelo objetivo que se tinha. Hj entrei para depositar dinheiro em uma caixinha e ela estava vazia. Todo o dinheiro daquela caixinha foi mudado para um espaço chamado ""carteira"". Pedi para o dinheiro retornar à caixinha, pois ela tinha um valor simbólico para mim. Disseram que não era possível. O atendimento ainda foi tosco, defendendo o banco e dizendo que eu havia sido avisada.",Gabriel,1,
ea4a241e-878a-4e3a-996d-24a797f331d0,Nubank,1,"gostava do nubank antes mais depois que começei usar o crédito aí começou dar ruim , estava devendo mais paguei depois fui abrir o app e dizia que eu ainda estava com divida no crédito, não recomendo",Bruno,1,
f996b3f4-6b95-4d9c-bb30-90c03aec1dfa,Nubank,1,horrível desde ontem não consigo entrar,Vinicius,0,
9919dac2-d72c-4632-b0aa-eb0bc5a52f20,Nubank,1,não estou conseguindo acessar minha conta do nubank,Gabriel,0,
675b2905-6935-4bc0-a54f-8f6865481953,Nubank,1,"a nubank não cancela conta... se você quiser cancelar pode desistir, está dificultando a meses e vou entrar com um processo, não quero ter nenhum vínculo com esse banco nunca mais",Bruno,0,
7301e2e3-ddf7-4e34-a688-5fe13749fca5,Nubank,1,era ótimo agr está horrível fiz atualização tentei de tudo mais não entrar de jeito nenhum não sei uq aconteceu,Vinicius,0,
c9af6a2e-32f5-4df1-b75a-73aed272d91c,Nubank,1,o programa bem que tem muito juro abusivo sobre um empréstimo no nubank se você pega e tem um juro abusivo não gostei nubank mod isso o juro é muito abusivo e o cão o cara vai negociar eles não querem negociar com a pessoa 😮‍💨😤🤬,Gabriel,0,
15555e8d-a02a-4574-949b-38c1c2ea004e,Nubank,1,pra mim fazer o cadastro NN presta não,Bruno,0,
90236884-571a-49ba-8a6d-8f0e6cdb357a,Nubank,1,gostaria de saber oque está acontecendo com este banco lixo se meu dinheiro sumir da conta irei processar vocês já tentei o dia inteiro entrar e aplicativo da erro todo instante não é internet pois meus outros bancos estão entrando normalmente,Vinicius,0,
11215cdd-c621-4d47-abc6-43428ea5684e,Nubank,1,cadasterei e ja tem três dias eu tentando usar o banco e nao consigo ter acesso pq ainda esta em análise,Gabriel,0,
a4540455-4653-4a6e-99f9-7aca73cb7293,Nubank,1,"Percebe-se que o aplicativo e o serviço são tenebrosos quando você se quer precisa ser cliente para ter uma enorme dor de cabeça com ele. Comprei um giftcard pela plataforma na conta de um amigo, pois nunca utilizei nubank e agora mesmo que não irei, e acabei desistindo da assinatura e solicitando reembolso. Resultado: o banco digital se recusa a devolver meus 69,90. O que não ficará assim, vou continuar seguindo atrás do meu estorno.",Bruno,0,
f605825f-bfe8-45ee-87de-b7e313b13798,Nubank,1,o app não está funcionado ja desinstalei e instalei novamente tirei self fiz tudo o que foi solicitado e assim mesmo não funciona preciso atualizar meus dados e não consigo nem com minha biometria não consigo abrir o aplicativo,Vinicius,0,
f1b38eb4-c986-47d6-80e8-37b5ea386067,Nubank,1,nunca tive conta nesse banco! se tiver e fraude!!!!,Gabriel,0,
43a6840a-b53f-44a2-8bbc-d791e09f8c7f,Nubank,1,eu não quero conta PJ,Bruno,0,
cb7e5679-0143-4b61-a909-4e8fea222e21,Nubank,1,"Não estou conseguindo fazer transferência via Pix. Quando tento, fala que está em instabilidade ou que  ocorreu um erro ao recuperar sua chave Pix. Por favor, tente novamente mais tarde, sendo que em outro banco está pegando normalmente para fazer transferência, apenas o Nubank está com essa frescura.",Vinicius,0,
37a6ea4e-699b-48d0-80d4-d37bcd15a62b,Nubank,1,péssimo pior banco que existe no mundo não abaixem esse lixo perca de tempo e de dinheiro principalmente é isso que me entende,Gabriel,0,
b3032c39-fc9a-4cce-a3a0-6eba01aaa574,Nubank,1,eu ma cadastrei no nubenk mais ficou aparecendo que eu tinha que espera uma hora um mais eu eu até esperei esse tempo mais do mesmo jeito ainda continua assim,Bruno,0,
dea20fc2-bd0c-4b7d-ac75-e49017fa75d3,Nubank,1,por q minha conta nunca q sai,Vinicius,0,
71af017a-56b6-432e-bcb8-7e97eadddf70,Nubank,1,no tab S26 FE não funciona,Gabriel,0,
86d0c577-3603-4d18-a1b8-bbdba10fd47f,Nubank,1,tá com problema para entrar não funciona dando erro,Bruno,0,
473eb218-5bc2-4446-8610-e121591af582,Nubank,1,"quando precisamos do banco não nos ajuda da forma que precisamos, ai quando atrasa um dia ja ficam ligando as 7 da manhã pra falar da dívida. vao se lascar!",Vinicius,0,
252eae9d-20af-474a-b3aa-98c585527df8,Nubank,1,Atendimento péssimo não resolve nada Atendente totalmente desatualizado.???,Gabriel,0,
aa328210-77e2-407a-bcf9-3421f24e4af1,Nubank,1,não estou conseguindo entrar em minha conta,Bruno,1,
5833ebbc-4e2f-4e14-9170-81c68008b7e0,Nubank,1,estou tentando atualizar meus dados no reconhecimento facial e não está reconhecendo o dia inteiro tentando e não consegui,Vinicius,0,
e6422dbf-f912-4bb9-958b-e5a68a22ba94,Nubank,1,a nubank não dá credibilidade aos seus clientes. já tenho conta nesse banco há oito anos e até hoje não consegui um empréstimo.recebo meu salário na nubank e nem assim consigo.,Gabriel,0,
11ebe748-0a64-441c-8915-5d9d702e60b1,Nubank,1,"Hoje está como esse app, só me deixando falando, não estou conseguindo acessar justamente na hora que preciso pagar contas 😡🤬",Bruno,0,
b833aebb-3831-4762-b38d-7136e8b9e429,Nubank,1,"não deixa eu ver minha movimentação, e não quer atualizar.",Vinicius,0,
e78872f3-9ced-41dc-85ab-88eec9abac14,Nubank,1,"A cada 4 dias aparece mensagem de atualização do app. mas é engraçado que eu leio um QR code pra pagar via Pix e a tela fica preta, não aparecem as opções de pagamento que deveriam aparecer ao ler um QR code de Pix. Preciso voltar e ler o mesmo QR code uma dezena de vezes! Fora que hoje parece que o único app de banco que resolveu não funcionar pra transações via Pix foi o da Nubank!!! Instável e alegando falha de conexão (o que não era!!!). pra que tanta atualização se não melhora?",Gabriel,0,
bb74c764-597d-4a44-9c0e-fd325d72420b,Nubank,1,"Péssimo, não aumenta o limite de jeito algum.",Bruno,0,
9300b6f9-42d7-4c37-992a-0b15e3bdb368,Nubank,1,"O app conta depósitos e resgates da caixinha como ""entradas"" e ""saídas"" no extrato, o que não faz ABSOLUTAMENTE SENTIDO NENHUM e bagunça todo o controle financeiro do mês. Quem elaborou essa função não tá com todos os neurônios saudáveis, não é possível.",Vinicius,0,
988f116a-f0b0-4b7f-b185-3c19cb2b9c2d,Nubank,1,está muito ruim não está lendo código QR,Gabriel,0,
68838b3d-69f8-4f45-a43e-08d2655dc2a7,Nubank,1,uma demora pra fazer um pix.,Bruno,0,
41ca834c-cdd3-4e17-8d3c-9f3974a6b0f6,Nubank,1,"Antigamente até que era rápido, atualmente apresenta muitos erros no sistema, vcs falam para testar outros passos, que passos , vcs não falam , hj dia 14/08/26 as 17:45 , problemas de novo , como vou fazer meus pagamentos??????",Vinicius,0,
e997d0a8-96a2-43c2-a68d-c85273a64681,Nubank,1,"lixo a anos atras, e contunua lixo hoje funciona quando quer",Gabriel,0,
cd6540e9-cc12-46d9-b269-76cfd867f9e2,Nubank,1,"esse aplicativo não entra,muito lento,e ele não abre",Bruno,1,
ffc5869b-057b-469b-a103-7b006eeb1d65,Nubank,1,dificuldade medonha para recuperar dinheiro que você perdeu Pô reembolso,Vinicius,0,
65ba6d5a-3de7-43c8-92dd-5ece508df7cc,Nubank,1,Não consigo mais abrir o aplicativo! Diz que não tem conexão com a internet! já troquei de wi+fi para 4G; já desinstalei atualizações e nada!,Gabriel,0,
771368d4-961b-4656-96e6-10b85f132fb0,Nubank,1,"cada atualização fica pior não to conseguindo entrar no app, no xaonin redimi 15 coloco o CPF e da erro",Bruno,0,
033bedae-c122-4fdb-b66c-6b6c4b8dcaf3,Nubank,1,não consigo acessar o app do banco fazem 2 dias,Vinicius,0,
39cc59ab-a3f2-42d4-930a-98bc9469d5e2,Nubank,1,muito ruim vc tem que passa mais de 1 hora tirando foto,Gabriel,0,
a5b4a1f3-c5ee-47a2-b6ae-dc1c31ef65fd,Nubank,1,o app não está abrindo,Bruno,0,
5388412d-a246-4ae5-b5cd-24749780b4bd,Nubank,1,simplesmente não consigo mexer em nada no aplicativo....tudo que tento mexer fica aparecendo que deu erro....péssimos desenvolvedores,Vinicius,0,
f69348a4-c8be-4f87-9401-c06c6f60fd16,Nubank,1,Estou com problemas pra acessar o app nubank há uma semana completa... Já limpei a memória e desinstalei várias vezes... Alguém pode me ajudar?,Gabriel,0,
7ed86160-ec66-4f8d-8e63-c7ce234ff734,Nubank,1,"o cartão e bom,porém eles não dão chance de você ter novamente um cartão depois de inadiplencia,por isso prefiro nem usar mais a conta,não e interessante.",Bruno,0,
309fb5f7-39e5-429c-8dfc-bb754228cd9f,Nubank,1,"esse banco so ferrou com a minha vida, nao recomendo isso pra ninguém!! fora o atendimento péssimo",Vinicius,0,
35c9cbf4-4c4d-4062-93ac-ceaa7e03b697,Nubank,1,"após a última atualização,o app não está fazendo a leitura do qr code quando vai fazer pix.",Gabriel,0,
ccc4dbb1-61f1-480a-9e95-6fec3312d2ba,Nubank,1,"péssimo não aumenta meu limite a mais de 2 anos eu não vou usar mais esse cartão,apliquei 5 mil no banco CDI péssimo, melhor banco picpay aplica dinheiro limite de cartão de crédito ótimo,credibilidade com cliente",Bruno,0,
4b1751d5-91f8-412e-84ef-de688f1df280,Nubank,2,ja tem um tempo que abro a conta chega o email mais nao sai da ultima etapa mandando aguarda que ate 1hora esta liberado nao sei o que fazer podem me ajudar.ja liguei na central mandei email e nada e resolvido ja ate desistir pq ja tem 3 dias e ainda esta pedido para aguarda ate 1 hora para analise do documento..,Vinicius,0,
c8d5babe-da75-43a0-a082-bb1c8cdefca5,Nubank,2,estou tendo dificuldades de enviar pix pelo QR code. lê o código e demora muito para confirmar a operação. Eu termino desistindo. Com outros bancos não está acontecendo isso. Só passo pix cola ou digitando.,Gabriel,1,
3f7a5b7d-78ed-4689-9b4d-7dd38e957c12,Nubank,2,"há meses estoy tentando pagar com o leito de QR, mas toda vez que faz a leitura a tela fica preta e não consigo pagar. muito ruim. já desinstalei o app e instalei e nada",Bruno,0,
51a567f7-b1d5-4526-8a8a-456843848c51,Nubank,2,meu aplicativo todo momento que tento abrir da erro pede pra tentar denovo,Vinicius,1,
1b99a269-1a77-459c-aa55-367767553d0e,Nubank,2,estou tendo problemas com leitor de QR CODE!tenho que repetir a leituras inúmeras vezes para poder dar certo e quando dá certo!Está horrível o APP!,Gabriel,0,
a3d5dcab-75b6-42b1-ab1b-bd5a26275d07,Nubank,2,péssimo para liberar crédito e quando libera nunca aumenta.tem mais d3 anos que sou cliente sempre pago futuras certinho meu limite nunca aumentou nem empréstimo,Bruno,0,
f9dc475e-2473-4210-9652-a94d79ecea0a,Nubank,2,Atualização de você está muito grande aplicativo de você está até travando precisa baixar está um por cento e Chaplin cativo mais leve mais saudável e a navegação gratuita atualização de vocês tá muito grande né E além disso tá tirando espaço do celular navegação de você deveria ser gato gratuita sem consumir dados móveis🚨🚨🚨🚨🚨 autorização de vocês são a pior do mundo inteiro👎👎👎👎👎👎👎👎👎🚨👎👎,Vinicius,0,
fbca8312-ef1f-47b1-9030-061057897894,Nubank,2,aplicativo mais ruim que já usei da problema toda hora n entrar na conta tem vez,Gabriel,0,
62bc9c40-4cb2-4111-b3f4-66ee9c6a0d2c,Nubank,2,banco bom porém o juro de empréstimo e alto,Bruno,0,
d45cafac-d66b-4bbc-8679-05ed4c767f7a,Nubank,2,"essa nova atualização tá horrível. quando vou pagar usando a opção de ler QR code, tenho que ficar um tempão repetindo a mesma coisa.",Vinicius,0,
343f1727-c9cf-4f91-b559-4fa24f9e1082,Nubank,2,eu não gostei por que tinha que aceitar o CPF de criança de 11 anos,Gabriel,0,
ecf2609f-e68e-4c32-81be-87806a78c1c4,Nubank,2,"Na maior parte do tempo funciona bem e tudo mais, porém consegui uma verba no aplicativo mas por no momento não ter o cartão de débito eu resolvi transferir o saldo pra minha conta no Bradesco via Pix. Até aí tranquilo, só que o valor não caiu na minha outra conta, óbvio abri reclamação mais de uma vez e em todas o atendente com um neurônio e meio chegou a conclusão que o acontecido foi DESACORDO e recomendaram eu conversar com a outra pessoa. SÓ QUE EU SOU O TITULAR DE AMBAS AS CONTAS!",Bruno,0,
6ead3205-1052-4d1d-a8c3-231ed1172c12,Nubank,2,"gosto muito do nubank, porém de cerca de 2 meses pra cá não estou mais conseguindo fazer Pix via QR code. sempre que faço q leitura, fica simplesmente com tela preta e mais nada. já desinstalei o app e instalei novamente e nada.",Vinicius,0,
7102bc41-86ae-499f-b83c-e8669328e3ef,Nubank,2,Não está chegando notificação de nada! desde as últimas 5 atualizações.,Gabriel,0,
30f79bfe-c779-4bc4-a5cd-b8a399166eb6,Nubank,2,"Quando foi que o atendimento ao cliente do Nubank se tornou tão precário??Teve um problema com uma compra, foi parcelado no app vizinho, cancelei por motivos pessoais, eles estornaram o dinheiro e 4 das 6 parcelas foram canceladas, as duas últimas permanecem e ainda cobram juros de pagamento! tentei entrar em contato e um dos atendentes sugeriu fazer um boleto para que eu pagasse esse valor cobrado, me passaram para outra atendente que enrolou pra entender minha situação e não fez nada!",Bruno,1,
4ce56b6e-4a04-4ccd-811a-4c0eac75ad48,Nubank,2,não consigo abrir uma conta,Vinicius,0,
256090bf-238c-4136-adbf-b4caa589ae4c,Nubank,2,Está travando a abertura do aplicativo não deixando Eu efetuar pagamentos. Infelizmente.,Gabriel,0,
6e2ca9b4-5ce7-4f73-b292-e8ef6156744b,Nubank,2,"melhore essa prr, tô nem conseguindo entrar no aplicativo, toda vez da erro, não sei por qual motivo!!!",Bruno,0,
b481e318-1f96-419b-ae4f-41ace73edcd0,Nubank,2,"gosto muito do banco só que tem que prestar atenção nas parcelas, paguei mais doque eu devia",Vinicius,0,
b0d1514e-002e-4b03-8f3b-525bccc700c5,Nubank,2,"Mesmo cancelando a conta o banco continua emitindo fatura de cartão de crédito que não existe. hoje foi ver se reativação da conta. O Banco informa que não tem crédito. porém. continua enviando uma fatura com limite e com cartão cancelado. Preocupante esses ""Culpa do Sistema"" o sistema te dá crédito e o banco não ativa seu crédito. coisa estranha. cancelei outra vez.. vamos ver.",Gabriel,0,
2bde86b3-9034-417d-903b-95ef7a05fd18,Nubank,2,Utilizava como banco principal e não usarei mais depois de diminuir o limite do cartão.,Bruno,1,
8bc6a4aa-c0be-4f50-b753-d051df49ea11,Nubank,2,Dificuldade prar ler um Qrcod,Vinicius,0,
10379663-7110-4ef4-983c-c9f641d74077,Nubank,2,"muita enrolação pra dar limite de crédito ,já solicitei várias vezes com a central sempre com desculpas que a analise e feito a cada 15 dias ,mais nunca liberou pra mim .",Gabriel,0,
34153b2a-20a4-41fc-b384-7bb610d12ead,Nubank,2,não estou conseguindo abrir o app nubank,Bruno,0,
f461414a-4dc3-4ed3-8713-7aa91d454762,Nubank,2,"O aplicativo é muito bom, mas ainda não liberou o cartão de crédito pra mim esse é o problema",Vinicius,0,
dec51cbb-400c-4199-b3b1-0a15acfc139f,Nubank,2,tenho saldo em cohta e n consigo utilizr,Gabriel,0,
a7aa930c-ad24-4d1e-8b64-0ae850e1c128,Nubank,2,A nova Atualização não estar fazendo pagamento pelo QRCode só pelas chaves! Desinstalei e instalei de novo e continua o mesmo problema!,Bruno,1,
33e320e3-5275-4976-a6e9-098a2955b30a,Nubank,2,está travando muito para ler o QR code tem que fazer muitas tentativas para ler o QR code tem que atualizar na minha cidade está tendo muitos relatos que muitas pessoas que não tá conseguindo defeito a o pagamento no PIx QR code,Vinicius,0,
b51d23db-5dbe-43bb-9e65-754972fedc87,Nubank,2,"o aplicativo e bom, porém a caixinha para guardar dinheiro e ruim, fui resgatar um pequeno valor, o desconto e muito grande, valor de 361 só resgatei 336, não guardem na caixinha pensando em rendimento e olha que havia mais de 1 ano que estava lá.",Gabriel,0,
964b3337-c070-4bee-ac5c-befeaeef28b7,Nubank,2,"meu QR code não tá funcionando,o que posso fazer pra arrumar",Bruno,0,
038e01d9-31b9-4617-8d42-f64daf9a9e9e,Nubank,2,A análise de aumento de crédito do cartão de vocês é a coisa mais ridícula de todos os cartões.,Vinicius,0,
d60a803b-517b-4a6c-8f81-16a27eec4a1d,Nubank,2,minha conta já com 15 dias e ainda não concluiu,Gabriel,0,
1d531508-7aa3-4c8f-95fb-74c481d81aed,Nubank,2,"ruim, não funciona direito o leitor de qrcode, demora pra. mandar notificação, direto da problema péssimo app",Bruno,0,
50bd10f6-5ff9-4353-a921-ae7e99aa43f7,Nubank,2,não consigo fazer Pix por nada é nem usar o cartão de débito,Vinicius,0,
5af02ff4-fe7b-4b15-b35d-f2fc4a7f555e,Nubank,2,"meu cartão é sempre clonado já tenho a conta há uns 10/8 anos e cansei, migrei pra outro banco.",Gabriel,0,
b342861a-7519-468f-b59e-30ce6cf3f39b,Nubank,2,tá dando erro não abre o app pai amado me ajuda,Bruno,0,
efab2a3a-6c65-40b7-a984-b1edc3b0b747,Nubank,2,"o app é ótimo mas atualizações foram feitas ,a pessoas que usam esse mesmo app e o meu não, que é de guarda o dinheiro e coloca uma data de tirar tal valor que foi guardado e o meu tá sem essa opção então não existe para mim quero que resolvam essa atualização",Vinicius,0,
04acc705-aa3c-4621-9f63-ad0c5fb71556,Nubank,2,"NÃO PODE TIRAR PRINT DA TELA, PODERIA TER UMA AUTORIZAÇÃO PARA PERMITIR ISSO, tenho que pegar outro celular e tirar foto da tela, fora isso, me parece ser bom!",Gabriel,0,
dd5c3854-c564-445e-9c22-ea7b8cac872b,Nubank,3,"O app geralmente é bom, porém agora tá dando bug, pede pra autorizar o dispositivo e depois dá erro. E não consigo acessar minha conta.",Bruno,0,
2d62ae24-206d-482f-9de7-468d05543ecb,Nubank,3,o aplicativo é bom porém vou ter que mudar para outro. não consigo fazer investimento porque ficam pedindo comprovante de endereço e os únicos comprovantes que tenho em meu nome não aceita.,Vinicius,0,
b952691d-f451-4ef5-9ede-f4207b36a95b,Nubank,3,pedi o cartão ja faz 2 semanas e até agora não recebi nada no meu endereço. Qual é o problema?,Gabriel,0,
853c3d77-cab3-4864-bff9-736dc02c246f,Nubank,3,"Eu não consigo entender como a pessoa tem um cartão e não pode alterar a senha de transação desse cartão, é bizarro um negócio desse.",Bruno,0,
d40a9ade-3723-4281-8ffb-4536cfee10ab,Nubank,3,"Não consigo terminar o cadastro,só dá erro e tentar novamente já faz 5 dias que estou tentando",Vinicius,0,
6a6273be-83db-463e-b965-5b928df63d75,Nubank,3,Bom porém a parte dos empréstimos são muito demorada para aparece um novo empréstimo,Gabriel,0,
fa3e892d-bd0b-4fd9-9515-b3eb75386848,Nubank,3,ando tendo problemas em leitura de qr code. tenho q refazer a ação no mínimo 2 vezes para conseguir pagar,Bruno,0,
ab6a4491-6d90-4b60-acf2-165d51321076,Nubank,3,"O app é ótimo, pena que há meses que o problema do leitor de QR Code não é resolvido! Entra atualização nova, mas o problema ainda persiste. Já falei com o chat e tudo que eles pedem é que eu atualize o app que já está atualizado!",Vinicius,0,
3ba0c337-e30e-4507-bca4-edb766090da1,Nubank,3,eu apertei no lugar de sair sem querer e n consigo voltar com a minha conta,Gabriel,0,
f5d4c8f5-8826-47fa-b191-6f0a1930c13c,Nubank,3,"que demora é essa para enviar um simples comprovante de uma compra online? espera 48h isso não existe, já era pra ter o comprovante assim que faz a compra",Bruno,0,
c2649390-d6f0-4325-b49e-f81b24b62004,Nubank,3,uso o nubank e acho muito prático.,Vinicius,0,
a945ee84-7aeb-49f6-b0cd-d4afa9a235f7,Nubank,3,"melhor app de banco. dificilmente da problema e o melhor que a compra ja aparece na fatura do cartão na hora,coisa que tenho outros 2 de outro banco e a fatura é uma bagunça. edt: depois das últimas atualizações o app fica me chutando toda hora, tendo que colocar CPF e senha toda vez que entro",Gabriel,0,
86d26bda-1e75-44a2-8a90-c9ec3b65caf7,Nubank,3,so fica dando instabilidade sério já tô quase me arrependo se for pra ficar nisso melhor nem instalarem.,Bruno,0,
42691284-ad16-4dfe-aeb2-dcf7455e223b,Nubank,3,vcs fazem muita atualização deixa o sistema pesado,Vinicius,0,
43946c5d-37e4-4096-8eff-b4b51bc099d4,Nubank,3,"Havia dado 5 estrelas. Mas de uns tempos pra cá a sede por lucro do Nubank aumentou muito e aceleradamente. No início tudo é ""grátis"" depois começaram a aumentar limites para isenção de taxas e atualmente está em 8000. Um absurdo. Subiram 60% o valor para isenção em 1 ano. Estou decepcionado 😥",Gabriel,0,
c00b6940-bc50-4dbe-8b0e-1be29ecc5435,Nubank,3,querem que renove o cadastro e nunca mandam o SMS para confirmar....,Bruno,0,
48c3a5c0-e181-46f8-9d21-c6863cde3330,Nubank,3,"Tive problema com o app na hora de pagar pelo QR Code, pois vai para uma tela branca e não finaliza o pagamento.",Vinicius,0,
74f34c7f-13b0-4c67-ae42-7c04cb4e301c,Nubank,3,"Péssimo banco, mais de 3 anos como cliente, nunca me deram um aumento de crédito, sempre os mesmos 200 reais pra piorar, recomendo ninguém fazer assinatura no app, porque pra entrar é fácil, sair impossível.",Gabriel,0,
873f8677-4e22-483e-a9c4-fef738c00bed,Nubank,3,Quando preciso q ele leia o QRKOD ele não lê.,Bruno,0,
696ee280-feee-40be-9a2f-7772cfb86ba5,Nubank,3,e um primo aplicativo mais não estou conseguindo criar minha conta aparece que tem que esperar avaliar as informações e tá demorando quase um mês,Vinicius,1,
d76fba86-9e20-42c5-97ff-3b6aac8eaa41,Nubank,3,até agora o nubank não ativa meu cartão de crédito,Gabriel,0,
80f41ef0-a74f-451e-a4d6-1c178318e641,Nubank,3,"Prezados, uma sugestão que vai ajudar muito: nos comprovantes de pagamento que geramos lá na fatura do cartão seria bom incluir, além do nome do estabelecimento, o CNPJ do mesmo. Será de grande utilidade!",Bruno,0,
2b54a4be-7553-432e-9fbb-6fefbaa715f3,Nubank,3,Agora sou obrigado a utilizar o NuBank Chroma e perder todos os meus cartões virtuais já cadastrados,Vinicius,0,
e5170982-69f1-4569-88e9-065d79bef188,Nubank,3,não consigo acessar o app depois finalizei o cadastro,Gabriel,0,
3a15066f-c7b1-442c-a5bb-042e2cda1236,Nubank,3,dificuldade de abrir o APP,Bruno,0,
57a0b161-4c6b-4d11-948f-29989791a3eb,Nubank,3,"app banco muito bom uso muito, mas está ocorrendo muitos defeitos, comigo foi o QR code meu app nubank funciona tudo menos o QR code e não sei o porquê dele n está funcionando.",Vinicius,0,
9c696d0b-0aa7-4f37-96d2-9bd4a694a12c,Nubank,3,"aplicativos até bom , porém não dá limite de crédito",Gabriel,0,
6f63eb9a-4879-447e-ac2e-6099ee9cc3a9,Nubank,3,Demora muito pro dinheiro cair na conta quando eu resgato ele. tô passando muito perrengue por causa disso.,Bruno,0,
fab198e7-5d67-49a6-9490-fba894848aa3,Nubank,3,não consigo entrar no meu aplicativo e nem consigo recuperar a senhar,Vinicius,0,
943d428b-54c4-4ed2-8e49-2e9ca5185bb6,Nubank,3,meu app Nu Bank não esraabr⁹,Gabriel,0,
9f85e1a6-1268-4bae-a1e3-87293e7973b3,Nubank,3,"Vamos consertar esse leitor de QR code aí. Porque está dando muitos problemas, será que as pessoas vão ter que começar trocar de banco pra vocês agirem.",Bruno,0,
5d76d1f0-c2a7-4aa5-9327-60f52264d2ec,Nubank,3,"Deixando a desejar na leitura do qrcode para pagamento em pix, tela fica escura e trava. Eu achava que era meu aparelho , mas hoje descobri que está acontecendo com várias pessoas.",Vinicius,0,
a937a249-7428-4b86-b284-abe9f66af0a1,Nubank,3,"Excelente, mas na parte de investimentos poderia ter algumas informações nos FII e Ações. No mais ótimo.",Gabriel,0,
b6d03fda-3b0b-4160-8611-64c7b3ac87a6,Nubank,3,"Ah, Nu bank não tem proteção nenhuma ao cliente em casos de fraude ou Pix, errado, mesmo que pedimos ou reclamamos sobre reembolso algum Pix enganado o cliente da Nubank, não tem nenhuma proteção da Nubank. Porque dinheiro não é ressarcido, cadê a proteção da Nubank pros clientes deles",Bruno,0,
20445b5b-ad40-45ca-9ac8-d5d5bed73e7f,Nubank,3,Esse Nubank demora para cai o dinheiro ontem eu fiz um depósito de mas de 100 reais as 9 :41 até agora ainda não caiu na conta,Vinicius,0,
aac05b60-100e-4ef0-8448-7a5879a3e19f,Nubank,3,"Uso o Nubank desde quando o mesmo era só um cartão de crédito, a conta está evoluindo e apresenta boas novidades. Mas tem um problema, as notificações pois só recebo notificação de pix, recebimento de valores e etc. Mas não recebo notificação das compras feitas no crédito ou no débito. 😐",Gabriel,0,
46120050-ded1-49d5-8ed5-154f090b160f,Nubank,3,"empréstimo de 10mil para minha pessoa 8,99 am , para namorada o mesmo 10mil valor 5,44am . 👏🏼👏🏼👏🏼",Bruno,0,
812c5f87-c76e-4fe0-a775-36a56d26733e,Nubank,3,meu app não está permitindo ou transferir minhas criptos pra outra corretora,Vinicius,1,
70dec159-4316-47bd-9670-fa953216a0a6,Nubank,3,após atualização está dando bug para acessar minha 2contas.....,Gabriel,0,
6ba16522-3027-4393-b503-4dd9b11b6e9c,Nubank,3,"Tem um bug muito chato que é na hora de tirar a foto do documento por isso dou 3 estrelas , eu espero que esse bug saia",Bruno,0,
9442a9e9-babf-43ad-a999-d22353ff2b9b,Nubank,3,por favor resolvam a questão do QR code. simplesmente não funciona depois de 10 tentativas que vai funcionar,Vinicius,0,
8c70ba9c-3c33-4672-a190-a0080a5e9b05,Nubank,3,Uso como conta secundária devido as caixinhas e o Nucel do NuCroma,Gabriel,0,
ab37c9c1-357c-48db-8d3f-c8a18e25eac4,Nubank,3,tá deixando a desejar antes era muito bom agora não lê qrcode fora a instabilidade,Bruno,0,
17344752-be02-4e79-9314-5ee34ae8b219,Nubank,3,"o app no escaneamento do QR coude para pagamento, apresenta tela preta, só depois de umas 3 tentativas que conclui o processo. isso está acontecendo em outros dispositivos também, pois uso 2 celulares.",Vinicius,1,
2b8aa29b-5731-4a43-871b-0f810c4242bb,PagBank,1,Sou cliente a muito tempo. Porém fui instalar em um novo celular e simplesmente não funciona. Aparece toda vez que o app está instável. Já desinstalei o app várias vezes porém não funciona. Espero que arrumem isso.,Gabriel,1,
922a23c7-a8b2-429b-8c85-9b2ad2ecf9bc,PagBank,1,eu quero um cartão de crédito,Bruno,0,
de55379d-ec88-4ff9-99c5-bd354b8dd8c2,PagBank,1,"cuidado, bloqueiam o dinheiro das vendas, NINGUÉM DA RESPOSTA CERTA",Vinicius,0,
caec55a3-1ab6-417a-b031-dd76ec155f67,PagBank,1,"App bugando, problema ao cadastrar chave Pix.",Gabriel,0,
7783f2b4-1984-41f5-9250-62c430f9d42c,PagBank,1,"Estou tendo uma experiência horrível e constrangedora, já tem uns 4 dias, que vou pegar em comércio ou mercado, com o código QR Code e simplesmente não efetuar o pagamento, consta um erro.",Bruno,0,
f8646c5d-ac6e-4d8c-96ba-6cd0bab78e92,PagBank,1,péssima experiência e sem suporte.,Vinicius,0,
fbf32e84-837e-4069-b679-8abebf6212af,PagBank,1,"uso a vários anos este app, no último mês bloquearam minha conta com dinheiro de conta com dinheiro de aluguel e do sustento da minha casa. estou passando muito trabalho e transtorno por conta disso já mandei email para o banco central e eles ainda querem manter minha conta bloqueada por pelo menos 90 dias, mesmo que respondam que tenho que entrar em contato, já entrei em contato já tentei via chat e nada, só quero saber se vão arcar com todo o transtorno que estão fazendo eu passar??",Gabriel,0,
811d2e4b-8ac2-4288-9fb5-f0cf6450dae3,PagBank,1,"não consigo acessar minha conta, entro e a tela fica branca",Bruno,0,
fbdf1800-ec26-48e7-b669-9da855951be9,PagBank,1,não consigo acessar minha conta,Vinicius,0,
265cccaa-c272-4c58-bc27-b5e65dd192d0,PagBank,1,vou ex luir essa conta não-presta quando vou fazer pix da erro so sei que quero meu dinheiro ou entrarei com uma ação na justiça contra vcs banco inútil,Gabriel,0,
173c5f7c-5497-47f8-b5e5-16c3d7eed8e7,PagBank,1,"Aplicativo era ótimo, mas agora apresenta erros constantes na hora de entrar na conta. Toda vez precisa reiniciar celular pra usar. Tá péssimo!",Bruno,0,
87d2b11c-da2a-4222-8d28-9d40ea022396,PagBank,1,"Esta sendo péssima.Meu dinheiro está preso lá.Atendimento app,e ligação,eles nao dão nenhuma atenção e nem justificativa.No app fica so digitando,nem se quer aparece a msg e na locação encerram,sem nem comecar a conversar com Eles",Vinicius,0,
0cc22105-9a82-4e07-a670-7bddb117b8d6,PagBank,1,"incrível, péssima experiência! Nao consigo cadastrar meu cartão de crédito em local nenhum! 99,uber,ifood...da erro!! E nao tem suporte",Gabriel,0,
f2eb032a-0891-4b4c-a3fc-59c2d93b3517,PagBank,1,não to conseguindo entrar na minha conta,Bruno,0,
12230058-5124-4dba-bf55-93d6bfff4a36,PagBank,1,Dêem um jeito nesse bug eu não quero ficar passando raiva pra sacar dinheiro que me pertence,Vinicius,0,
8917b459-5e76-4508-99d9-a9d2106d7a15,PagBank,1,"gostaria de saber se o aplicativo está com algum problema , pediu pra atualizar, não está pegando !",Gabriel,1,
7feb865a-7c7c-48aa-bb7b-d57fb3604a57,PagBank,1,estou sofrendo com fazer pix e está dando erro a todo momento concerte o problema é volto dou cinco estrelas ⭐,Bruno,0,
b82a7bb2-c5f9-435f-a8d5-a17d86ed7020,PagBank,1,"péssimo banco financiei meu próprio limite, por anos e nunca se Quer me deram um aumento de limite, isso foi por anos, não recomendo, todo mês pagando juros pra ele por um coisas que eu mesmo financiei e mole, tomei coragem e cancelei o serviço.",Vinicius,0,
ccc5f574-4617-40cb-b6b4-400a1d237b62,PagBank,1,"Péssimo Retorno. Uma cliente pediu reembolso e eu mesmo comprovando que fiz a entrega que a cliente estava com o Produto a Pagseguro devolveu o valor pra Cliente. Absurdo isso tomei um prejuízo em 1133,00 quero ver quem vai me reembolsar agora ja que a cliente esta com o produto na casa dela. Absurdo falta de responsabilidade e compromisso com a empresa que usa pelo seus serviços e que não paga barato pelas taxas.. Indignada.",Gabriel,0,
9a2bea78-97de-4eb4-97ec-a23d3e4307a3,PagBank,1,"banco lixo,descontando 10 reais toda hora,perdeu cliente pela falta de respeito",Bruno,0,
72a2f72d-bf31-4615-a0ac-d1a8dcffea6b,PagBank,1,"Uma empresa que faz questão de piorar sua reputação, bloqueiam a conta sem aviso prévio, consequentemente bloquearam minhas máquinas, agora eles querem que eu devolva de graça. Máquinas que eu paguei.",Vinicius,0,
3d4ca3ee-8bd8-46ab-87e3-3732d00f5e30,PagBank,1,olha o aplicativo e bom mas simplesmente não consigo entrar mais na minha conta mesmo colocando a senha certa,Gabriel,0,
dec422b0-378f-4836-8396-aeb3b4ee8ff0,PagBank,1,"Péssimo! Clico na opção atualizar dentro do aplicativo, que me traz pra cá e não consigo atualizar. Volto para o aplicativo que me manda atualizar de novo. Que coisa chata!!!!",Bruno,0,
e5795f46-808b-461b-a064-4f1671368c16,PagBank,1,podiam me fornecer um cartão de crédito sem fazer o meu próprio limite!,Vinicius,0,
5d0f2a97-5078-4acf-942c-5226198916ec,PagBank,1,"Looping eterno. Tenho uma reserva aplicada e fiquei um tempo sem usar app agora to sem acesso. cai no looping eterno que eu não consigo entrar de maneira alguma fica! pedindo para eu cadastrar uma senha de 4 dígitos eu clico ""sim cadastrar"" e ele volta para tela inicial de logar com biometria ou senha. Eu logo e após logar cai na mesma tela pedindo para criar a tal senha. já fiz de tudo já desinstalei, já instalei, já troquei de aparelho e nada resolve nunca mais sai desse loop.",Gabriel,0,
f0a41e98-1e82-4c44-be7d-f6496278446b,PagBank,1,"tenho mais de quatro anos e nunca me deram limite de crédito 💳 e eu sempre movimento alto a conta. estou muito triste, quero desativar a conta.",Bruno,0,
96d69487-8cb3-4ca1-acce-d75d810fc181,PagBank,1,"o pior de todos, com contratos mais abusivos que já vi. Nunca mais",Vinicius,0,
b15b398f-ee94-4b0c-afa9-c406915e8d5e,PagBank,1,"olá o aplicativo não abre,oque faço? a tela fica branca e não consigo entrar no aplicativo",Gabriel,0,
98a9451e-fd22-429a-b2d4-c0ec5b24a828,PagBank,1,"Só não gostei!!! Não libera limite pré aprovado no cartão de crédito, o limite do meu cartão de crédito foi eu que construí, pago as faturas em dia e mesmo assim não liberam nenhum limite extra como os outros Bancos. Vou pagar minha fatura, resgatar meu dinheiro e investir em outro banco que nos oferecem melhores oportunidades, com opções de crédito",Bruno,0,
b02b2ea4-9c8e-48f9-a011-261482d4221f,PagBank,1,meu aplicativo banco mais lixo que eu já vi no estado do mundo,Vinicius,0,
fbbb5a3e-2e7f-48be-9038-9efc5d9bde24,PagBank,1,"o dia todo tentando entrar,fica uma tela branca",Gabriel,0,
de313890-bbb0-454f-8901-8b1466978c25,PagBank,1,banco de procedência dividosa bloquearam meu minha conta com 2800 reais não consigo acessar não consigo resgatar meu dinheiro de volta e não me passam informação alguma,Bruno,0,
da396123-9f91-4054-91a2-c41850ef754d,PagBank,1,não consigo usar o aplicativo tem dias está irivek tem melhorar,Vinicius,0,
19eb7e77-fe70-42e0-958c-d745d6b756f8,PagBank,1,"O ruim desse aplicativo é obrigado o usuário a ativar todo tempo a LOCALIZAÇÃO, para poder realizar qualquer movimentação dentro do mesmo. A localização o tempo todo ativo consome muita bateria. Tá na hora da pagbank rever essa situação que se torna chata, porque antes não existia isso de ligar toda vez a LOCALIZAÇÃO.",Gabriel,0,
4e388b9a-95d8-42bc-a804-b64bb8ffa881,PagBank,1,"odeio, atualizar toda hora o app",Bruno,0,
e1fc088c-581d-47ad-b0f9-cd02ac46dc59,PagBank,1,aplicativo esta travando esta demorando muito pra abrir,Vinicius,0,
d0dc9269-2f43-4050-b877-a20d9319f1c5,PagBank,1,"Em 2022 fiz a primeira reclamação aqui após meu dinheiro ter desaparecido da conta. Em 2026, venho atualizar minha avaliação sobre os problemas que enfrento com a PagSeguro/PagBank. O banco permanece com meu dinheiro há alguns anos sem restituição. Precisei ingressar judicialmente e obtive decisão favorável. Mesmo após a sentença, ainda não recebi o valor. O processo está na fase de execução. A PagBank não efetuou o pagamento espontaneamente no prazo determinado judicialmente, segue em execução",Gabriel,0,
6901af07-5884-477b-b10d-cb68c7a2732f,PagBank,1,"App fica pedindo senha sem parar, digitar e volta na pg inicial que frustrante",Bruno,0,
8f78746f-3c78-4293-888a-02a8adb28c6f,PagBank,1,parou de abrir aq derrepente ae não pode.,Vinicius,0,
5466daa0-cb7f-4a4e-b68b-1765412da231,PagBank,1,"falta cartão de crédito, usar dinheiro como limite pra mim não é limite.",Gabriel,0,
777018e8-caaf-449a-873d-b67658ba2ea1,PagBank,1,pior cartao que existe nao dá credito desconta coisas que a pessoa nao altorizor ou seja um lixo de cartão 🤢🤮💩,Bruno,0,
23d65aa4-48c6-4333-a180-5caad0b86ae4,PagBank,1,Horrível. . mal abri a conta me cobraram um seguro de cartão protegido sem eu ter cartao.. um absurdo. me senti lesado. fiquei no chat mais de 30 minutos tentando resolver pra no final falar que era pra eu fazer contato dinovo após alguns minutos porque estava com problemas no sistema. péssimo,Vinicius,0,
2e41abed-7ec5-4cf7-9206-a545e999912c,PagBank,1,"péssima , não conseguimos abilitar a maquininha e nem falar com um atendente",Gabriel,0,
dc17b626-91af-4c5e-95d1-5398f50051c3,PagBank,1,"Estou extremamente decepcionada com o PagBank. Cerca de R$ 700 foram transferidos automaticamente da minha conta para o cofrinho, sem meu comando ou autorização. Só consegui resgatar R$ 328,26, ficando impossibilitada de pagar integralmente outras contas. A fatura do cartão PagBank nem venceu, está em dia e foi paga integralmente. Solicito a liberação imediata do valor, pois fui prejudicada por uma movimentação que não realizei.",Bruno,0,
abe359d9-93e9-4b75-bfa2-c3c8a85f3789,PagBank,1,ABSURDOOOOOOOOOOOO. UM DIA ÚTIL PARA RECONHECER E APROVAR A FACIAL PARA USAR A CONTAAAAAAAAAA. 😡😡😡😡😡,Vinicius,0,
18e887a7-8421-4b69-b6ea-fd73c5ffcb15,PagBank,1,"comprei maquininha, era pra ser entregue dia 20 / 08/ no acompanhamento do pedido, diz que saiu pra entregar, entregas até 18 horas da tarde, tem 3 dias isso não quero me arrependo de passar a usa PagSeguro horrível",Gabriel,0,
d5486324-9e60-4898-a2fb-5fdbe5704909,PagBank,1,não sei oque está acontecendo. os avisos de recebimento ou envio de pix tá vindo muito atrasados,Bruno,0,
a9fba61e-7aad-4cab-84c2-ad62ac16ae9a,PagBank,1,aplicativo coloca o seu dinheiro no cofrinho sem autorização e depois você não consegue retirar estou dois dias tentando tirar e não sai o dinheiro.,Vinicius,0,
baeaceb8-169b-4e02-8aa7-7803861e9f92,PagBank,1,bom dia tudo bem meu nome é Marcelo gostaria de saber porque o aplicativo está fora do ar então bom dia assim que vc abre o aplicativo a tela principal não está abrindo na página do saldo do Pix não está abrindo não fica tudo branco no celular,Gabriel,0,
284a750f-666d-4094-a523-f10383a94306,PagBank,1,E muito lenta máquina perde muita venda pela lentidão devia ser mais rápida esquenta rápida quando na carga até reinicia quando tira da carga,Bruno,0,
37cf389f-adb0-404b-8a94-d4bfff2be696,PagBank,1,Esse aplicativo tá com um bug quando vou colocar minhas informações pessoais não vai dá quanto o nome da errado,Vinicius,1,
482bca2d-09b6-4a38-a370-bb6750b953ee,PagBank,1,"Banco Muito Ruim,Aprovou Um Cartão,Porém O Cartão Nunca Chega No Meu Endereço,Tive Que Fechar A Conta,Experiência Muito Ruim",Gabriel,0,
4ec1567d-a496-4df2-8cd7-1e529ff2528e,PagBank,1,péssimo banco nao resolvem os problemas. 5 meses sem conseguir acessar minha conta... suporte 0 péssimo pessoal.,Bruno,0,
e100007d-8aa8-41bc-b483-cd841c7dc119,PagBank,1,não recomendo tive meu cartão de débito da conta furtado foi feito compra por aproximação no cartão foi feito boletim de ocorrência e menos assim mim contestação das compras não foi aceita ele querem uma foto e o documento da pessoa que furtou meu cartão pior chat de todos te tranferennde atendente em atendente até e não resolve problema reponde a uma simples pergunta,Vinicius,0,
5ee480eb-9d36-435e-9456-484ea7e31acd,PagBank,1,não merece nem uma estrela,Gabriel,0,
664b283b-c638-4ff8-a77a-81522969411b,PagBank,1,"ultimamente fala que só posso acessar com a senha do cartão, acontece que de tanto usar a aproximação eu nem lembro mais a senha. faço o que agora? alguém me informa por favor 🧐",Bruno,0,
2ee3ebf9-5f5f-4e47-8d7c-3766e039c6ec,PagBank,1,"vocês não falem nada, faltava 2 parcelas pra mim quitar meu acordo, e vocês não atualizou os 2 últimos boletos pra mim pagar, cambadas...",Vinicius,0,
dcf5cdc6-282e-4f1f-8570-d197b4b2625e,PagBank,1,"agora está cheio de propagandas ,, está muito ruim esse aplicativo, cuidado gente ,, ficam induzindo a clicar em empréstimos",Gabriel,0,
70625166-1352-457a-af25-2e46decd03e6,PagBank,1,depois da ultima atualização o app só fica com uma tela branca,Bruno,1,
c98aedb6-9174-4c34-b2d5-c235464d03bb,PagBank,1,"não vale apena perdi dinheiro com els ,saiu uma contia da minha conta",Vinicius,0,
e9e19bb1-771e-4f94-914c-8be559adb03f,PagBank,1,minha conta bloqueou do nada com dinheiro nem uma explicação eu tive,Gabriel,1,
d94617b0-381c-46a5-b683-98a8f4deffe1,PagBank,1,"horrível, coloquei no poupança automático e saquei o dinheiro, e até agora não devolveram o meu dinheiro. má índole, e liguei até agora, e não devolveram.",Bruno,0,
b861fad4-5bf1-45b1-977e-976c8ea39210,PagBank,1,"Péssimo, pegou o dinheiro meu para colocar inseguros eu não autorizei tentei tirar meu dinheiro não deixaram e ficou dizendo que o chat e outros meios de comunicação com eles estavam inválidos só para não me devolver meu dinheiro",Vinicius,1,
422a3e56-8fd1-49ea-847e-b7ab0b48db6f,PagBank,1,"só não dou zero porque não dá! não sei como o app tem 4,9 de avaliação, me cobraram um seguro q eu havia recusado, me enviaram 2 cartões e não consigo usar nenhum, vou procurar atendimento e a inteligência artificial me faz de besta, qdo acho q vou falar com atendente o atendente se porta como IA, me dá respostas prontas q não tira minha dúvida e nem me ajuda, meu conselho é fuja desse banco, existem tantos outros melhores, o estresse não vale a pena ....melhor ter paz e evitar aborrecimentos",Gabriel,0,
40a793e4-9ecc-4317-8e3b-672a8420b940,PagBank,1,olá suporte. meu aplicativo não está abrindo. em qual canal me comunico com vocês?,Bruno,0,
645829ae-d0d7-48b4-9384-6b76616aeb9e,PagBank,1,não gostei me tiraram 15k de pix sem mais nen menos.,Vinicius,0,
158215f5-07c3-41d5-a4d2-fa15a26f946a,PagBank,1,"Boa noite !!!! Como o app de VCS é fraquinho em VISTA dos outros bancos pessoal... A gente não consegue entrar no app cai ou interrompe a comunicação direito e quando a gente consegue entrar daí vc está no meio de uma transação cai de novo 🤔🤔🤔 Queria, queria registrar uma chave Pix no caso meu email e quem diz que eu consigo quando, quando abre o app cai a comunicação no meio da transação !!!!!! tá doído né hooooooo desisto vou fazer em outro banco ok. Obrigado !",Gabriel,0,
d864a1d2-f808-46c2-8c64-1dbdf728029c,PagBank,1,"temos a máquina do Pag bank suporte horrível de quem vendeu. quem vendeu não atende, não dá retorno, não orienta como trocar a máquina que está com DEFEITOOOOOO",Bruno,0,
d0570493-659d-478a-aad8-65475f367930,PagBank,1,Tive só experiência ruim nos últimos dias. Depósito por boleto ficam segurando de creditar. Perdi desconto de R$300 do telefone novo que comprei. Até o Inter é rápido nisso. Reembolso aprovado pelo ifood demorou absurdo pra ser creditado por esse banco também. E por último: é uma bagunça absurda na questão dos cartões digitais. Um cartão simplesmente mudou a numeração do nada. Cadastrei o novo e negou a compra. Transferi o pouco que tinha aqui pra outro banco. Cansei. Chega,Vinicius,1,
32fd1fff-cef9-4405-a74b-412ac08d6408,PagBank,1,empresa desonesta altera taxa sem aviso..,Gabriel,0,
0623936f-974c-458c-9022-cede62a89e20,PagBank,1,"app muito quadrado. Falta transparência, cheio de pegadinhas. por várias vezes vc pede resgate e o saldo não atualiza. Só uso por que preciso da máquina de cartão.",Bruno,0,
4694c694-286d-4eaa-be04-df011c8ae88c,PagBank,1,meu aplicativo hoje n abre n sai do canto pesimo,Vinicius,0,
7b4516f6-1a07-4989-9aa0-5a8579a294bf,PagBank,1,quando eu entro no aplicativo em vez de aparecer as opções fica a tela branca e não sai do Branco,Gabriel,0,
b7bd2434-50ac-4ce6-8b25-ed92a884176a,PagBank,1,"eu tinha dado 5 estrelas porque aparentemente o app era bom. Mas de uns tempos pra cá, começou a ter um bug que se repete muito. o app já instalado e fica pedindo pra instalar pra usar. muito complicado porque recebo meus pagamentos nessa conta e o app com esse bug atrapalha minha vida.",Bruno,0,
1e82e320-7a9a-42f2-91f4-27bc07684ec1,PagBank,1,"fiz uma retirada no CDB, e o valor,não chegou todo que solicitei.",Vinicius,0,
a41f7135-1359-4128-93a2-fd532ccd6f8c,PagBank,1,"o app como forma de pagamento não é seguro. já recebemos vários golpes no nosso site e o pagseguro em vez de barrar eles nos cobram uma taxa de prejuízo. A taxa do chargeback é muito alta, maior que a inflação. Eles liberam toda a compra independentemente se for um golpe claro e cobra da empresa/fornecedor o prejuizo.",Gabriel,0,
8409361d-6ca0-4a5e-96bb-68f0501b0a9e,PagBank,1,"o dinheiro que foi poupado automático sem eu querer pq foi o primeiro dia que uso , não dá pra resgatar pq tentei resgatar 2 vezes dinheiro que eu precisava e sumiu meu dinheiro , pq ficou só mostrando que tem mais ... quando aparece pra retirar dinheiro aparece uma msg que não tem um real então não tem como retirar , já não sei mais oq eu faço ... deixou na mão em pior hora !",Bruno,0,
0177a763-4633-4ec7-9dbb-1fd4a519b983,PagBank,1,Adorei esse cartão e muito bom,Vinicius,0,
c11da7cf-91c1-4392-9366-8105dfe49f4c,PagBank,1,não quero cadastrar cartão de crédito,Gabriel,0,
4ab46f4b-8df9-42a5-9a50-bdc5d1dd1167,PagBank,1,perdi o email do número de recuperação não consigo recuperar minha conta,Bruno,0,
48238299-1a9d-4803-85fd-1b75efa0cc4d,PagBank,1,"horrível,um dos piores bancos que já tive,abri uma conta está semana,e do nada sem motivo aparente, bloquearam minha conta,não consigo nem recuperar meu saldo,tô pensando até entrar na justiça para recuperar meu saldo.",Vinicius,0,
099c0141-2a81-4099-8006-82dcadbb92a0,PagBank,1,"não abram conta aqui! hoje eu fiz a abertura nesta instituição e no primeiro depoisito com intuito de guardar dinheiro, me tiraram 9,90 de um seguro de cartão que eu não fiz, não solicitei e ao tentar cancelar está uma dificuldade. isso é errado, retirei todo o valor e ainda assim consta que o próximo vencimento é daqui a um mês",Gabriel,0,
b0591024-51bc-475a-ba89-905e128ec4fe,PagBank,1,Não consigo entrar na minha conta,Bruno,0,
57d16afb-2071-46ec-9b3f-bf4ede038d7a,PagBank,1,"Trancaram minha restituição , que é por Pix Pix/QR Code Prazo limite para análise 02/09/2026 às 22:41 O processo de análise acontece dentro do prazo estabelecido, proporcionando mais segurança para você e o seu dinheiro. Eu contando com esse valor, quem vai pagar os juros que vou pagar dos compromissos que tinha pra essa data? trancaram meu dinheiro por até 72h, sendo que o pagamento é da Receita federal no Pix CPF. Extremamente insatisfeito.",Vinicius,0,
5c6aa967-15fd-4e4f-b8aa-34545f951852,PagBank,1,"Após a última atualização o app não abre mais. Depois de informar a senha, a tela fica branca e não carrega as informações.",Gabriel,0,
b63dbb87-9dc8-47bf-8821-1238c3658142,PagBank,1,percima... eu entrei em contato pra resolver algo que aconteceu na minha transferência e eles atende mais passa todas as informações eles desliga o telefone sem resolver o problema e sem avisa .. vou excluir a conta hoje pq eu nao posso confiar na assistência de apoio... meu problema nao foi solucionado e uma falta de respeito com nos que confiamos nossos bens financeiros....,Bruno,1,
6ddca6fc-c5be-4960-8a93-21d9aa1caa6c,PagBank,1,"No começo era um ótimo app,agora ta um verdadeiro caos,a gente só falta não entrar no aplicativo, é 10 mil anos pra abrir e quando abre são mais 100 anos pra carregar as opções!",Vinicius,0,
28855b65-dd6b-43c9-9129-18e790e46c34,PagBank,1,tem mais de duas horas que está em análise e ainda não liberou o app. sendo que já tenho conta nele.,Gabriel,1,
a3b79c57-f720-47fa-8422-cb8893e26b0f,PagBank,1,"atendimento péssimo! chat diz que não pode resolver uma questão de rendimento do CDI, manda um número de telefone e eles desligam !",Bruno,1,
1e0ad9a5-b387-4f6a-84bd-1ccaf9662614,PagBank,1,"Estou tentando atualizar o número de telefone e simplesmente vocês não enviam o código, nem por SMS para o número novo que insiro e nem por email. Está muito difícil.",Vinicius,0,
4e0705ec-3dac-4f0c-abe1-1f00c4547823,PagBank,1,"eu uso esse aplicativo e faz uns 7 anos, e hoje pelo chat me fizeram de otário me passando de atendente para atendente e não resolveram nada. tiveramr a cara de pau de pedir número de cartão, parece palhaçada isso, Não consegui identificar uma cobrança indevida que teve na conta, a inteligência artificial em 30 seguros foi mais útil doque 3 horas sendo feito de otário..",Gabriel,0,
ef9ef34d-7333-40ac-abac-7d24e26e1110,PagBank,1,por favor colocar pesquisa por nome no extrato,Bruno,0,
6a757187-3092-4c84-bafc-3a637c3b30bd,PagBank,1,"Abri uma conta com objetivo de apenas guardar dinheiro no cofrinho 130%.Porém, diferente de outros bancos digitais , não mostra o rendimento diário ou bruto, está sempre zerado. ou seja, não tem acompanhar o rendimento diário, falta transparência 😡",Vinicius,0,
09bc1687-47b2-4ce0-ae6b-b5f90309acf5,PagBank,1,ta dificil negociar a divida com este banco,Gabriel,0,
11cfa45d-7bda-42f9-9c34-ecf3b89dabbd,PagBank,1,Estou sendo lesado pelo app. o não envio de meu cartão.,Bruno,0,
9b8c7181-a68e-4234-9e6c-b82742a99bd0,PagBank,1,não contratei seguro e fiz duas vendas e eles cobro,Vinicius,0,
fecda604-957d-444f-8fb1-4449fd7fe868,PagBank,1,"simplesmente terrível, eu perdi a senha e fui tentar mudar não ia já tem mais de duas semanas que tô tentando liguei duas vezes pra resolver e nada a primeira vez disseram que era pq eu não mandei o o comprovante de residência uma foto,quase nenhum banco pede e por causa disso tinha sido ""desativado"" sendo que eu não consigo fazer outra conta por tem uma conta ativa no meu CPF me deixaram numa ligação por 20 minutos pra não resolver nada",Gabriel,0,
83ed67bd-6d72-4263-a513-d524282cf72a,PagBank,1,"fecharam minha antiga conta com dinheiro meu na conta, e não tenho mais acesso safadeza.",Bruno,0,
ee9bec31-3123-4356-a300-fdcffd10ed60,PagBank,1,"primeira experiência com o app, criei uma conta mandou esperar 1 dia, esperei dois e e ao tentar entrar em 'senha incorreta' ao clicar em 'esqueci minha senha' da um erro e volta pra tela inicial, que boas vindas para um aplicativo de ""qualidade"" confiável para eu usar.",Vinicius,0,
d3c40690-1d65-48d5-9865-9dad55636695,PagBank,1,"Boa noite, toda vez que vou acessar o aplicativo PagBank, tem que desinstalar e instalar novamente para reconhecer meu email e senha, depois fica sem reconhecer o email é senha. Tem que fazer tudo de novo. Não quera usa esse aplicativo é a maior enrolação. 😡😡😡😡 aplicativo muito ruim e burocráticos, como é que vai dá credibilidade financeiro e nem um aplicativo quer funciona direito. 😡😡😡😡😡😡😡 Pensei no aplicativo ruim, agora tem que ficar baixando o aplicativo todo vez que entrar.",Gabriel,0,
7abdedf6-4cf1-4c6b-9637-0dd72f6be2a6,PagBank,1,"Banco ruim, nao libera crédito, nem empréstimo, funcional porém sem nenhum atrativo. péssimo!",Bruno,0,
fb679d8a-0152-4cd8-a879-da4efa32829b,PagBank,1,"Ultimamente o aplicativo vem apresentando constantes falhas principalmente na realização e pagamentos via pix, isso é constrangedor porque você simplesmente não consegue resolver nada.",Vinicius,0,
4988eae9-cd96-43e1-9883-ae5aae662f48,PagBank,1,Nossa n aguento mais baixar o App toda hora fica desligando agora n entra assim fica dificil,Gabriel,0,
3e2ab118-0a41-4817-a576-14ac1dfcb44a,PagBank,1,meu Pag seguro deu pani não consigo usar,Bruno,0,
5c14f02b-3a0f-481b-b205-7ce047d56258,PagBank,1,Tá de sacanagem?! A nova atualização ativou a poupança automática na minha conta sem a minha autorização. Meu dinheiro caiu lá e agora só posso resgatar em dia útil. Preciso desse valor para uma emergência e simplesmente não consigo acessar o meu próprio dinheiro. Minha conta é apenas de débito e não tenho limite de crédito para quebrar esse galho. Uma função como essa jamais deveria ser ativada automaticamente. O usuário precisa escolher se quer usá-la ou não.,Vinicius,0,
9bf8bd4f-ef5a-4ba7-ac57-ac14a1d857ca,PagBank,1,meu app tá todo branco não tou conseguindo entrar na conta,Gabriel,0,
a8de14ea-b625-42b6-9ded-eb83edd9b223,PagBank,1,não consigo entra na minha conta,Bruno,0,
948174f7-bbbb-43d6-be91-5c0384978ba4,PagBank,1,Pix não está funcionando e tenho saldo positivo porque será?,Vinicius,0,
5bb81cf5-8726-4948-b89c-934287011b3f,PagBank,1,"a atualização do simulador de vendas da maquininha é ridículo! confuso, antes era prático, eu poderia ver quanto receberia se assumisse as taxas e quanto deveria cobrar para receber o valor desejado.",Gabriel,0,
7192c582-2638-4ce4-bd55-b8443aa2bb65,PagBank,1,"Duas vezes zeraram meu saldo alegando ""falta de uso"" e tarifas administrativas. Se é para ter tarifa administrativa por ficar o dinheiro parado na conta rendendo, melhor voltar para o banco tradicional.",Bruno,0,
e5fc76bf-dd11-4bc7-a60f-7e20648bcb1f,PagBank,1,"estou com problemas agora, não consigo acessar meus extratos antigos... simplesmente sumiram, só aparecem os do dia atual... fica chato isso, mostrar comprovante para pessoas que pagamos não dá mais... nem adianta alterar o dia lá que tem essa opção, msm alterando só aparece os extratos do dia atual, decepcionante!",Vinicius,0,
4ec22b01-5b63-43a8-8ff0-a816b9f2639a,PagBank,1,O simulador de vendas mudou? o anterior era tão bom.,Gabriel,0,
89b03a9e-28d7-4f2f-8e93-2091299f2cc5,PagBank,1,"burocracia demais nessa desgraça de aplicativo. qualquer pouco tempo que nao acessa, em que fazer diversos procedimentos só pra conseguir acessar o app, sendo que o aparelho já é reconhecido. pede também até GPS o que nao tem nada a ver com o serviço.",Bruno,0,
d9fc53be-25b1-49ca-a084-48f3b1123919,PagBank,1,O que está acontecendo com aplicativo que não está abrindo de forma alguma.,Vinicius,0,
45e8c07d-dc25-4515-9e82-f04c0a21d9fa,PagBank,2,bom dia aloque um dinheiro na conta e nao consigo sacar arumã isso 2 estrela,Gabriel,0,
6657a7f9-5b93-45bf-9079-b59ce7d0d3f1,PagBank,2,meu aplicativo está saindo toda hora. pq?,Bruno,0,
537b9246-72ee-4d1e-beec-7bd4509b7486,PagBank,2,taxas altíssima.....desanimador muitas taxas indevida com informações complexa.....,Vinicius,0,
04101d69-bf5f-461e-9453-70316e51e387,PagBank,2,pq aplicativo não tá abrindo já e 2 segunda vez mds do céu,Gabriel,0,
e646c0f2-50ae-4f7a-b655-6a37e85038c2,PagBank,2,começou bem mais hoje dia 08/08/26 está horrível nem abre,Bruno,0,
cc2ac439-9ff8-4178-a752-8372a0cdeb51,PagBank,2,a f de www e não,Vinicius,0,
b33b4944-898e-4749-a1bd-4d99be624ee6,PagBank,2,"o app de vocês é péssimo, passa mês e entra mês e o que eu tenho guardado, nunca rende, viu. lamentável 😥😭",Gabriel,0,
11c4c148-d9c3-4dea-835a-94d3831cb43d,PagBank,2,"Olá estou enfrentando problemas para entrar em contato com o suporte recentemente fiz o pedido de um cartão de débito mais o endereço de entrega ficou errado daí não recebi o cartão, sempre que tento resolver esse problema nunca consigo pede pra aguardar na fila mais nenhum atendente fala comigo.",Bruno,0,
08ce1ae3-ac6f-4b7b-8d63-dcdc4894b2f8,PagBank,2,ja foi bom a conta rendeira caiu melhor sair fora também quem perde é vcs,Vinicius,0,
36439b5d-b75b-4982-8890-7fbd9a929a6a,PagBank,2,tive problema com pagamento pelo Pix e agora não estou conseguindo acessar minha conta,Gabriel,0,
db8e726a-40ae-40b1-acd6-80a88498c4c1,PagBank,2,não consegui abrir a conta,Bruno,0,
4e40cece-fff9-47be-bce5-3bde6acaddc8,PagBank,2,"Muito complicado simular a venda parcelado no crédito. Depois da simulação já com os acréscimos, temos que escolher quem paga esses acréscimos e o tanto de parcelas novamente, o que acaba alterando tanto o valor final que fica totalmente diferente da simulação inicial. Porque não simplifica? Tipo, logo de início na simulação já decide quem pagará a taxa sob as parcelas. E a próxima aba seria só informando o tanto que o cliente pagará e o tanto que o vendedor receberá na hora.",Vinicius,0,
81d13e14-5be4-4478-a6f2-588b06092da5,PagBank,2,não estou conseguindo abrir o aplicativo hj,Gabriel,0,
b0dcdd39-267e-401f-8189-8c46a4b2a62f,PagBank,2,conferso que não estou gostando porque essa já e a quinta vez que tento abrir minha conta nesse banco e não consigo por causa da avaliação da minha indentidade que está manchada eu queria que o banco permitisse o acesso ao abrimento da conta sem precisa disso,Bruno,0,
6e084925-057f-4dd3-a7c0-add52de2cf5d,PagBank,2,"A instituição é boa nos produtos, app, estão sempre mexendo e melhorando, bons retornos em investimento, todos os investimento em CDB viram crédito no cartão... O grande problema é o atendimento, nunca conseguem resolver seu caso e sempre lançam uma mensagem padrão de que ""não podem resolver porque a conta foi encerrada"", quando na verdade não foi, e nem poderia, afinal, porque fariam com um cliente antigo, honesto, que usa o banco a muitos anos com investimento, cartão de crédito e etc?",Vinicius,0,
652fd513-e18e-4bb9-92c8-b0fe999fc685,PagBank,2,"preciso colocar pag na carteira digital do celular e não funciona,fica aparecendo msg não foi possível atender sua solicitação!",Gabriel,0,
60dd9ff2-66da-4a4c-9230-7d47eaaf28c7,PagBank,2,"tenho o app e já tem 3 dias que não consigo abrir a conta inclusive clientes fazem pagamentos, mas não estou conseguindo abrir o app.",Bruno,0,
0467323a-c5a6-4605-aa15-785cd233ea32,PagBank,2,"muito ruim, coloquei meu dinheiro nele e ele colocou em um negócio de poupança, já resgatei e mesmo assim não está indo. Eu não ativei nada de poupança, mas esse app do nd colocou meu dinheiro lá e eu não estou conseguindo gastar o meu dinheiro pois está dando saldo 0 sendo que eu tenho dinheiro sim.",Vinicius,0,
0b9b7014-4001-48ba-bde8-b1d5026f055a,PagBank,2,problemas que estou enfrentando com essa app atualmente: 1 fatura duplicada sem eu ter parcelado. 2 o app do banco pega o meu dinheiro do saldo sem minha permissão e coloca como crédito pré aprovado.,Gabriel,0,
e217c360-12bd-4e2a-a66f-9da7db1cad65,PagBank,2,por que que toda vez que pede atualização e você atualiza o aplicativo ele pede para instalar de novo o que que tá acontecendo com esse aplicativo,Bruno,0,
f638c71e-2159-43ca-b857-9d2a9ecbb8b1,PagBank,2,não tô conseguindo entrar no aplicativo,Vinicius,0,
c908b743-f5b9-46ef-87a8-25aa689f2dd3,PagBank,2,já exclui 4 aplicativos e não consegui atualizar esse! pense num ódio que eu tô; nao consigo efetuar meus pagamentos! vou ter que comprar um aparelho só pra instalar o alecrim dourado!,Gabriel,0,
bd38dd4c-5566-4a47-b672-ba7ee751e326,PagBank,3,não consigo resgatar meu dinheiro do investimento mesmo sem ter investido já assis vários vídeos de como resgatar e não adianta meu resgatar não aparece e preciso do meu dinheiro no saldo por favor resolvam isso já até limpei pra ver se voltava a funcionar direito mas mesmo assim não adiantou nada não sei se é bug mais lembro que quando transferi meu dinheiro pro pagbank era pra estar em saldo mais foi direito pra poupar automático por favor me ajudem quero meu dinheiro no saldo da minha conta .,Bruno,0,
fa353771-5d7a-4186-ac12-b829e5e8e35f,PagBank,3,"até agora foi muito bom. só que o app não está abrindo por Whatsapp pede um token impossível de resgatar com app fechado e 0800 está com nada..sem possibilidade de comunicar com alguém o pior , o salário trancado era pra dar 5 estrela... mas e impossível se comunicar com o app",Vinicius,0,
22a3a5d0-733d-4e28-a4d0-da72efb9bc84,PagBank,3,"o app é maravilhoso mais tem um problema que eu não gosto,toda vez que eu tento tirar dinheiro do cofrinho ele diz que eu não tenho nenhum saldo,por conta disso eu acabo me estressando,melhorem!",Gabriel,0,
3868763a-7adb-4941-9c7a-13769f3a65cc,PagBank,3,ultimamente st travando ao abrir !,Bruno,0,
02e09fc5-af3c-4836-a11e-6d4d942067c6,PagBank,3,só falta liberar um cartão de crédito pra ganhar mais estrelas,Vinicius,0,
13627ae0-ccbd-4a26-bcd0-952eeb284188,PagBank,3,"se tirar a cobrança de taxas nos investimentos vai ficar perfeito, 4 Operações grátis por mês é pouco",Gabriel,0,
14c81ae7-d281-44dd-adef-7393845d1ca0,PagBank,3,porque está com problema o aplicativo não está abrindo,Bruno,0,
0c47df3e-cb6a-4734-97a3-a49f86674c10,PagBank,3,"consegui, crédito em 10 bancos menos no Pag seguro, é ruim",Vinicius,0,
d96201df-dfeb-4a85-bc18-109d5d36fd9c,PagBank,3,"estou tentando entrar na minha conta, eu esqueci minha senha e tento criar outra, mas sempre dá erro e não consigo acessar",Gabriel,0,
81b279ca-b6c4-4820-a7f5-77b6927fd9c9,PagBank,3,não estou conseguindo abrir o aplicativo já tem 3 dias de puder me ajudar,Bruno,0,
6e090bd4-4313-4f0f-bf39-fb73b1e07b1b,PagBank,3,Esse app está dando erros desde dia 25 de agosto. demora para abrir. lento. a manutenção do meu celular apontou 28 erros. terrivel Fica carregando carregando qdo finalmente abre.VCS ESTÃO TRABALHANDO. PORÉM O PROBLEMA CONTINUA. Demora para abrir. lento. Consome bateria. armazenamento . Falei com o suporte. SO SEGUNDA-FEIRA E ATÉ LÁ FICA COMO? 29/08/26,Vinicius,1,
75566988-e5e2-4c10-9dc1-ba64c2626cf1,PagBank,3,Boa y3] e 77 a todosuu de g 7com 6,Gabriel,0,
c4d3ec2c-246d-4477-b8ab-47d15e39b0ca,PagBank,3,meu cartão não está maís passando por aproximação,Bruno,0,
72569d3b-c7b2-4a85-8f0c-7479b9e2dbbf,PagBank,3,banco está ficando horrível cruz credo,Vinicius,0,
d11dda91-f53b-45e7-b9c6-09c5511c3f32,PagBank,3,parou de abrir... pede a senha e depois fica somente com tela branca.... estou perdendo vendas por não conseguir acessar,Gabriel,0,
bd3877c1-675e-480f-bff7-92d28cabec87,PagBank,3,"Cara, ele é um banco bom, mas fica só saindo do ar. O Pix não funciona direito. Ele não tem a quem reclamar ou pedir opinião.",Bruno,0,
cc49b727-6844-43d3-b72a-965b932b95a2,PagBank,3,"aplicativo fora do ar desde ontem 15:00 , voltei a ligar hj e nada de resolver esse problema,vcs já estão me prejudicando, pois não consigo trabalhar sem esse aplicativo, devido aos pagamentos e transferências que tenho que realizar, gostaria de uma solução imediata",Vinicius,0,
a8fd3d34-c8f4-400d-8c7e-9e97367a1705,PagBank,3,Sugiro o rendimento de 123% da conta corrente para manter os atuais e ganhar mais clientes.,Gabriel,1,
df1bfc2d-9566-404c-90a1-3d2327516555,PagBank,3,difícil instalar ou recuperar conta,Bruno,0,
2db355c7-cc95-45b6-b576-31f674b6ea62,PagBank,3,não consigo usar as opções de investimentos tô com problemas no apl,Vinicius,0,
b51f12c7-1ae3-469b-993d-3d5096298d52,PagBank,3,não consigo entrar na minha conta está dando tela branca quando entro no app deis de ontem 06/08/2026,Gabriel,0,
02f78b13-264d-4cda-a23f-16086630aeb2,PagBank,3,"acho que tem o pior sistema de validação facial dentre os bancos digitais, e pra utilizar o cartão virtual sempre pede está validação. Simplesmente não consigo usar o cartão pois não aceita a validação de forma alguma.",Bruno,0,
2b0c14f5-8905-47ee-be3e-0cec04301c7e,PicPay,1,"abri a conta e não me deram cartao de crédito, agora tão cobrando uma fatura de uma compra que eu não fiz, como comprei se não me liberaram crédito, ficam mandando mensagem de cobrança, NAO RECOMENDO, TO MUITO ABORRECIDA, pedi o cancelamento e não me respondem corretamente",Vinicius,0,
175fdbc2-d65a-437e-a9a6-7be35d940e4d,PicPay,1,"Tenho o pic pay há mais de um ano, e agora, que passou a receber, meus valores mensais, MEU dispositivo, MEU celular é inseguro, mas os outros aplicativos posso acessar, também trava muito. Novo problema no pic pay e parceiros raspadinha Kovr não carregou e eles não devolveram o dinheiro foram só 5 reais , mas poderia ser mais. PERIGO!",Gabriel,0,
1c066c33-90c6-4965-91f0-5db0f04f4bc2,PicPay,1,"Não indico , o crédito só libera se você tiver dinheiro na conta ou no cofre, e você ainda tem que pagar novamente a fatura de uma compra que você literalmente já pagou , o valor nunca volta nem em forma de crédito e nem como o valor para a conta . Não indcio e não recomendo.",Bruno,0,
5959bf02-c1c8-45cb-a4a2-7320f72f5b22,PicPay,1,app com muito erro de estabilidade,Vinicius,0,
bdb5a5e1-e162-4296-a4b5-7e584bd15a42,PicPay,1,demora pra fazer as transações e agora é cheio de anúncios tenho passado vergonha,Gabriel,0,
6ad32568-0304-45b5-9c58-611045990abf,PicPay,1,"Péssimo banco! Fui vítima de golpe por telefone há um mês, o próprio sistema deles travou o aplicativo sob análise de fraude e reteve mais de R$ 1.000,00 do meu dinheiro próprio legítimo. Ignoraram minhas mensagens de suporte no dia 14 e estão deixando a cobrança do empréstimo falso rodar. Tive que acionar o Banco Central e a Justiça para tentar resolver. Não confiem",Bruno,0,
c845eb96-cc7c-4f91-a509-99bbc3744fbb,PicPay,1,não está dando pra entra,Vinicius,0,
907ac61c-0265-4faa-8dff-f5e93027933b,PicPay,1,"não entra no aplicativo, já tentei 😡😡",Gabriel,0,
4fcccf1a-64b3-4123-8c6c-f719693ce93a,PicPay,1,"deixando desejar a pessoa contrata seguro renda protegida,quando precisar usar ninguém atende a pessoa ,no app não consegue dar entrada pra acabar , experiência ruim,pagando pra nada seguro 😡😡😡😡😡 não contrate seguro pelo Pic pay péssimo vai precisar usar não consegue a empresa do seguro não te atende chama chama telefone,não consegue ver no site Kovr péssimo experiência,",Bruno,1,
99ec1680-4567-4caa-b693-09976cdf3894,PicPay,1,não estou conseguindo pagar a fatura do cartão sempre está dando erro,Vinicius,0,
1ba7c1ca-8000-4b44-ace9-64d4a3515b86,PicPay,1,horrível pedi a senha e quando eu coloco não entra,Gabriel,0,
96c4df40-bc18-4f7e-b219-8ade2b22c1ba,PicPay,1,"aplicativo horrível, deixa de criar sua conta e NUNCA mais vc consegue abrir outra porque os dados salvam e vc não consegue apagar pra tentar criar uma conta nova e o suporte não ajuda em nada, extremamente decepcionante",Bruno,0,
ad452636-b9e1-46f2-93bb-036897b54544,PicPay,1,"banco péssimo, estava construindo imite nele e depositei um valor como crédito e eles comeram a metade, péssimo!",Vinicius,0,
1526bdd8-2341-4be2-9193-c917776862c9,PicPay,1,vamos mudar essa minha avaliação. sempre pedi crédito a vocês e sempre foi rejeitado! faz alguns anos que mudei para a nubank e lá já estou com um limite bem alto... perderam um cliente,Gabriel,1,
d02cf12c-0469-424c-85de-feef962f911f,PicPay,1,no banco picpay está dando erro em resgatar o dinheiro do cofrinho agora fiquei sem dinheiro falhas horrível péssimo,Bruno,1,
279df66e-e5b2-41a4-9323-6f4ce1288a70,PicPay,1,nem sempre abre o aplicativo,Vinicius,0,
2224eb93-cb78-47c8-b029-6dc16b1a832d,PicPay,1,"Horrivel, ele pega seu dinheiro sem permissão, eu fiz uma transferencia de 15 reais na nubank para uma amiga minha que usa picpay, e eles roubaram metade ficando somente com oito, isso é roubo, eu irei querer meu dinheiro de volta.",Gabriel,0,
ad58785f-140d-46aa-9df6-b8f1e0dd1cd9,PicPay,1,tirar a ferramenta minhas finanças foi um tiro no pé,Bruno,0,
fd4a8fb1-ce41-4bc9-90d8-94515713a7bd,PicPay,1,colocam seguro da carteira sem ser solicitado.,Vinicius,0,
b8b29602-7663-4303-aa7d-ee91a2972c9b,PicPay,1,preciso resolver uma situação que foi descontado parcela pagas de contratos CLT FINALIZADO e não tenho retorno Sem retorno ou estorno,Gabriel,0,
673ef352-fd46-4b2e-a8d7-f85be62cf83f,PicPay,1,"esse aplicativo horrível, usa de todos os meios possíveis para arrancar dinheiro, e toda vez que isso acontece e eu faço uma reclamação, sou obrigado a falar com uma assistente virtual que não resolve nada, FUI LITERALMENTE ROUBADO e nem posso reclamar, espero nunca mais usar esse aplicativo em vida, bom, foi uma experiência decepcionante e não precisa falar muito mais. (responderam minhas questões e ficou nítido o quão podre é esse app)",Bruno,0,
88baef1a-b012-4f3f-a4f1-eba4e15de8b3,PicPay,1,"eu quitei minha dívida e cancelei minha conta é mesmo assim ainda continua caindo dívida pra mim, se não resolver isso vou ter que processar",Vinicius,0,
7c71133d-b99c-489f-bac6-fe2ccb929d55,PicPay,1,"é um lixo. aplicativo cheio de anúncios, lento, tudo bagunçado, a pessoa não consegue achar onde fica o crédito, o saldo. tudo é uma bagunça, fora que é extremamente lento.",Gabriel,0,
374f5927-b609-4026-b2ac-27a37b12016e,PicPay,1,"Se vocês querem evitar de passar raiva, recomendo que não instale esse banco. Estão cobrando parcelas antecipadas que deveria ser cobrada no próximo dois meses. Entrei em contato com o atendimento, mas era a mesma coisa de conversar com uma porta. Expliquei diversas vezes, enviei comprovantes, cálculos e tudo mais, mas o/a atendente parecia não entender o básico. Meu problema não foi resolvido, e pelo jeito não será!",Bruno,0,
693bcc9d-4502-4898-aad1-c02dbc217610,PicPay,1,"faltou me dar limite de crédito. essa história de construir limites, de ter q depositar dinheiro pra virar limite no cartão não cola... vários outros bancos oferecem crédito imediatamente na abertura da conta. movimento volume alto semanal ainda assim não me deram nada. espero q revejam isso por favor. tive ótimas referências desse banco sendo assim tenho esperança que seja beneficiado com limite de crédito compatível com minhas movimentações diárias semanais e mensais. não uso +",Vinicius,0,
c628a0dd-c49c-41f4-8d1b-a499fbfc9f28,PicPay,1,Tenho o cartão a mais de 4 anis e nunca passou de 200 reais meu limite,Gabriel,0,
d70562fa-5708-421a-83a3-c4222d7834b6,PicPay,1,"não gostei até pq quando agente tá devendo uma fatura toda vez que o dinheiro cai na conta é descontado sem permissão e muito menos eles colocam no limite de novo apenas pegam e pronto perdir 104 reais lá só nisso e só coloquei lá pq queria pagar a fatura atrasada descontaram e falaram que não ia ficar disponível no limite do cartão,até cancelei minha conta horror de aplicativo.",Bruno,0,
5cc6d4f2-8e9c-4fbe-95d5-e8002a365c76,PicPay,1,o aplicativo é bom mais o banco tá difícil viu tenho cartão virtual e não posso usar o limite do cartão,Vinicius,0,
7642e961-8470-4e08-a55f-96320f51c534,PicPay,1,"horrível! tens que pagar uma taxa se quiser uma transferência, depósito no centro loterico e o limite de envio máximo é de mil reais.",Gabriel,0,
d9daffcc-2d92-4ad9-b4ea-5200246e79a2,PicPay,1,Dei uma estrela pelo fato de permitirem um empréstimo em meu nome que nunca fiz e agora estão me cobrando. Quero cancelar essa conta,Bruno,1,
18436861-fb3a-47f2-83ab-4ea804c19837,PicPay,1,horrível faz 2 semanas que estou tentando resgatar o saldo disponível do meu cofrinho e nada ninguém resolve,Vinicius,0,
3da6ed16-4c20-4ff5-902b-deaa701945f5,PicPay,1,péssima experiência paguei a fatura antecipada nao voltaram meu limite ate agora atendimento péssimo,Gabriel,0,
c1d9d699-fefd-487b-8154-cde22f6ff67d,PicPay,1,cuidado esse banco não é muito confiável não,Bruno,0,
4275838a-c0a2-45a7-ac97-044716394f49,PicPay,1,"O pior banco, juros abusivos, não vale a pena ter investimento com eles, aplicativo bom, regras horríveis, roubam com força.",Vinicius,0,
4b71d863-f667-42af-9740-11d0e013f058,PicPay,1,ja tao abusando com tanta atualização...,Gabriel,1,
17a64809-f52b-4cbf-8be1-73aeaaff5f19,PicPay,1,"péssimo, ficam contratando vários seguros no seu crédito sozinho e depois te fazem pagar por nao cancelar dentro dos 7 dias, me ocorreu 3 vezes em menos de um ano e não resolvem",Bruno,0,
6c784c98-4645-47b2-8ee3-cb09043930c5,PicPay,1,"pior atendimento, paguei minha fatura tudo certo e eles colocam um valor absurdo como se não tivesse sido pago.",Vinicius,0,
7f70b8c5-c98e-401a-aa31-b6377c9f8e6d,PicPay,1,"Por duas vezes me fou vinculado um bônus de R$ 250,00; Só que: tal bônus somente vale oara compras em supermercado; portanto é pura enganação; pra eue bônus se nao pusso usar para aumentar a minha renda no AP? . GLÓRIA A DEUS!!!!!",Gabriel,0,
dd0499a0-58b9-4bb4-98cc-d439d0f2e834,PicPay,1,"ontem dia 04/09/2026,foi enviado um Pix de 280, reais pra picpley na minha que tenho neste banco e até agora sumiu tenho o comprovante de envio mando na conversa e nada não aparece agora foi enviado ou seja a pessoa enviou um absurdo isso que aconteceu Pix chega na hora.",Bruno,0,
d7a9b41e-b7ed-4e17-98f8-727981ad8105,PicPay,1,"Continua a mesma palhaçada pela 3* vez comunicam que fatura fechada, esperei 2 dias pra parcelar, fiz o parcelamento pra paga com pix veio o código fui paga como não tinha o valor da entrada no código, acabei transferindo para o próprio e paguei por lá. Agora novamente estão me cobrando como se eu não tivesse feito o parcelamento. Não aguento mais...Sem contar que fico horas aguardando o chat e não sou atendida",Vinicius,0,
4508ac22-9d5f-4f30-a99d-854886ea08f5,PicPay,1,"basicamente fui tentar criar pela primeira vez corrigir os dados tudo certinho e quando fui fazer o reconhecimento facial depois de 6 horas Falou assim: Poxa, não foi possível criar sua conta. Você deve informar apenas dados atualizados, pessoais e verdadeiros. Código CER 735.",Gabriel,0,
fbb36fae-5381-4fc2-b387-100b71771b41,PicPay,1,"não consegui nem fazer uma senha, tudo que eu coloco da errado. vai se ferra então",Bruno,1,
d57f2db5-5822-4929-bcf1-9d533d14ea8e,PicPay,1,"venho aqui mostrar minha insatisfação e minha indignação, sou motorista de aplicativo vim fazer uma corrida para o interior, passageiro pagou pelo cartão no aplicativo da plataforma onde presto serviço, quando fui transferir da plataforma pra minha conta o PICPAY pediu análise do Pix, imagina você gastar do seu bolso e na hora de receber, pedem 72 horas pra analisar o Pix, e você sem dinheiro pra voltar ou comer no meio do mato. é revoltante. sendo que você recebe Pix direto da mesma plataforma",Vinicius,0,
9b7817b9-0b31-46a7-aeb7-707dac1dd92b,PicPay,1,"O app tá tão lento, mas tão lento que demora horrores pra abrir, ja apaguei o cache os dados e continua lento, meu dispositivo é um k22, se não melhorarem vou migrar para outro banco.",Gabriel,0,
8642cec8-88b4-41bd-a36f-96060e9f614d,PicPay,1,eu não tenho nenhuma experiência com este cartão,Bruno,0,
824b9972-a8dd-42a5-a279-6498e1fbeec1,PicPay,1,O banco pode ser até bom sou cliente há apenas um mês mas um banco pra ser bom tem que ser transparente com o cliente e tentar não enganar o mesmo Foi o que aconteceu comigo hoje descontaram do meu saldo um valor determinado de um certo seguro que nunca existiu nunca fiz nunca autorizei e isso pra mim é enganar o cliente é ser desonesto pra mim isso é crime menos mal que foi resolvido pelo chat Fica a dica sejam honestos não queiram enganar seus clientes,Vinicius,0,
a243dbe8-17d9-471b-93e4-cbf30d2fa32c,PicPay,1,Vou sair porque está querendo que eu desbloqueio um cartão que não recebi! já recebi o cartão e não dá pra desbloquear. não me mande mais e-mails nem mensagens porque já desinstalei o aplicativo.,Gabriel,0,
a33422b4-63a9-4a79-ba58-c29eb6ce7836,PicPay,1,"Fiz meu cadastro, estou há meses tentando acessar minha conta e simplesmente não consigo. No ""atendimento"" do aplicativo, só mensagens automáticas e nenhum retorno ou solução para o meu problema. Péssimo. Não recomendo a ninguém.",Bruno,0,
1c068b39-bb9a-4bae-8cee-b39417efb8a7,PicPay,1,já foi um app muito bom porém atualmente se v. fizer uma conta o cartão não é entregue e eles falam que não tem ninguém em casa ou que não foi possível sendo que o tenpo todo estive em casa e não veio ninguém duas vezes que tentei pedir é foi a mesma coisa.,Vinicius,0,
d6955b6c-be9e-4162-8560-57b2a18ba32c,PicPay,1,"fujam!! Prefiro nem descrever toda minha insatisfação, mas não façam conta! não tem nada de bom! até propaganda de tigrinho et feita dentro desse banco. louca pra vencer meu CDB e eu cair fora!",Gabriel,0,
c45bff73-fc4f-4f15-a3b5-2fc85b46267b,PicPay,1,fala que tem cartão aprovado e quando baixa aplicativo nada fake news,Bruno,0,
4372b674-14d7-4ef2-bbfa-d3d10c097be6,PicPay,1,troquei de celular e cada vez q vai pra validação facial tranca,Vinicius,0,
e88b5793-03c8-4c63-923d-8f9eaca4b4b0,PicPay,1,"pic pay não dá um crédito pra começar a usar . faça com o mercado pago mi deu 600 reais de limite e fica aumentando de acordo quando eu vou pagando vai aumentando. pra dá limite não é preciso ter o CPF com boa pontuação. o que influi é o bom pagamento e não com score baixo . basta ser bom pagador. obrigado mercado pago pelo limite de crédito que eu estou amando e o limite só aumenta como vou pagando . não é como a pic pay qué que eu transforme dinheiro em limite , não tem graça.😡😡😡😡😡",Gabriel,0,
ca6f94fb-ca4c-49da-99ed-f616cfb4c5d0,PicPay,1,gente não baixe esse aplicativo e horrível não conseguir resolver mei problema já estou tomando medidas cabíveis com a justiça a 3 meses nada resolvido,Bruno,1,
6640d55d-3d9b-47af-8a32-30c5e1d1d313,PicPay,1,"banco extremamente horrível, já se passou mais de 8 meses, limitaram minha conta e não consegui fazer mais nada, e roubaram meu dinheiro que estava lá",Vinicius,0,
b5ce07ca-3674-48c9-bae2-9028d7cff2c7,PicPay,1,"pior banco que já usei, nunca tive uma dor de cabeça tão grande para conseguir um reembolso de uma compra, parabéns aos bandidos desse banco inutil",Gabriel,0,
76649f4d-884a-44a2-a2ec-0d1a7f6515ab,PicPay,1,minha conta picpay está bloqueando pra redefinir a minha senha,Bruno,0,
78c16fac-b02a-45df-be68-85052af23e12,PicPay,1,"Esse aplicativo precisa de uma atualização nas configurações, não consigo tirar a foto do perfil a três dias e só sabem mandar limpar cache.",Vinicius,1,
8d5d26a6-8bb5-4523-bfe4-c4b59b856c0c,PicPay,1,Parabéns Picpay cada dia um novo jeito de stressar o cliente ... não fiz Pix do saldo total da minha conta e agora saldo zero e a mensagem mecanismo de devolução em análise kkk Pix em avaliação só pode ser piada,Gabriel,0,
dfd1a857-71d6-4c53-9ead-4409c2270f3d,PicPay,1,tô deixando mensagem pra falar com atendendo porém nada de responderem a 72 horas,Bruno,0,
94ab6f0f-4ace-481a-9e6e-f341f7f1fd02,PicPay,1,Se eu pudesse dar zero estrelas eu dava. Liberaram limite de cartão de credito que eu usava e pagava certinho. Ate que uma compra feita na Playstation e eu contestei. Devolveram o valor e estava resolvido. Dois meses depois me cobraram o valor extornado alegando que a Playstation cobrou. Liguei pra Playstation e eles falaram que estava tudo certo e nao cobraram nada. No fim o prejuízo foi meu. É uma empresa que na primeira oportunidade vao te sacanear e te fazer passar raiva. Nao instalem.,Vinicius,0,
68fd5f08-e375-43bb-8004-e2286b75bc33,PicPay,1,meu aplicativo está péssimo desde que atualizou,Gabriel,0,
32b135e7-c99a-4b0e-8b99-c8e6d0474c6c,PicPay,1,"estou muito triste, com a pic pay essa já é a segunda vez q peso o reenvio do cartão e não chega, e toda vez q eu entro pra fazer o acompanhamento do cartão, fica dando sistema indisponível, direto, aí consigo acompanhar o reenvio poxa se eu soubesse q ia ser assim essa dor de cabeça eu nem tinha feito essa conta da picpay, e nem tinha pedido esse cartão 😭",Bruno,0,
51f76b13-95ab-4b4b-ac39-f5de2f702cdc,PicPay,1,falhas constantes e bugs intensos. demora para abrir o app e quando abre fica congelado.,Vinicius,0,
70af0529-6ce3-4c4c-a973-d4dafe1c2427,PicPay,1,"gastei 400 reais de crédito e esqueci de pagar por quase dois meses e os juros aumentaram em mais de 800 reais, os juros de crédito desse app são abusivos e se eu fosse vocês nem baixava esse banco, só pra fazer dor de cabeça",Gabriel,0,
3d70ff44-1835-40a8-ab12-15321069c8ec,PicPay,1,horrível me deram um cartão de crédito só que não tem limite algum parece piada com a cara do cliente nem a conta da minha filha que e menor de idade eu não consigo movimentar até tirei minha conta salário de lá pq estão rindo da nossa cara só pode em breve irei apagar a conta,Bruno,0,
5715e9de-86bd-43bd-8b25-f3d54581dd2a,PicPay,1,é muito enjoado esse aplicativo não consigo recuperar minha conta mas,Vinicius,0,
4230403f-4a0f-4980-98a9-c9fe7d1312cb,PicPay,1,"o banco é bom, mas não gastem dinheiro com sorteiro, eu não sei oque rola, mas estou até hoje esperando o resultado de um e não saiu ainda e sumiu a opção de sorteio, não consigo mais ver.",Gabriel,0,
55505fa2-25de-4111-82a8-34908f07d7cc,PicPay,1,"só dei uma estrela mais não vale, entraram na minha conta e fizeram um pagamento e falaram que não vão devolver,. por isso já coloquei na justiça ⚖️",Bruno,0,
7cdb2c7a-a1c8-4f3f-805e-ccc7ed448f24,PicPay,1,"app tá dando bugue fechando toda hora , preciso pagar as conta e o app não funciona",Vinicius,0,
00ef3cce-d5f6-46c4-95ba-19d619bb25b8,PicPay,1,"Erro KC707 uso o banco como conta salário e não consigo acessar, mandei mensagem no suporte me deram um protocolo e nada, porém terei que fazer uma denuncia no Banco Central, tirar meu dinheiro e nunca mais usar o picpay.",Gabriel,0,
a91c5351-5bcb-4862-bde1-b813eac878c0,PicPay,1,"horrível,pedi um cartão Gold e não consigo desbloquear",Bruno,0,
317ea1fe-d0c9-4826-98aa-55d0914d7192,PicPay,1,"kkkk, esse chute premiado de vcs. é só uma farca é? porque a Net Aki de casa tá bom até mais. 5g e o app diz que tá sem internet. ou é porque vc não lerem perder. comprei os chutes e o app diz q tou sem Net. por favor. devolvam o valor das compras na conta ou no cartão . espero retorno dentro do app . kkkkkkkkkkk",Vinicius,1,
6c5f6f66-9e90-4579-9adc-82791e328443,PicPay,1,odiei o atendimento com o suporte,Gabriel,1,
063070af-43c0-4faf-a2cc-437cd2a0f2a6,PicPay,1,"No momento enfrentando um erro ""desconhecido"" onde não é possível entrar no aplicativo. Limpei o cache, e nada funciona, inclusive reinstalando. Literalmente travaram minha conta e não posso acessar.",Bruno,0,
b6f04fe0-5002-48c1-bd8b-46212d26d0ce,PicPay,1,"paguei fatura ontem, fiz dois Pix agora tão me cobrando de novo mesmo valor 😡😡😡",Vinicius,0,
f287f9f3-9d50-448c-9073-ec1f57062347,PicPay,1,"Sou cliente usuário desse banco, a mais de um ano, e até agora não liberaram um cartão de crédito, e nem limite de crédito. Portanto é um péssimo banco",Gabriel,0,
f5a50f19-25ee-4065-95ed-bb9de41edc62,PicPay,1,suporte simplesmente começa a ignorar a pessoa,Bruno,0,
3b5b9511-9f1e-4d90-8c23-3b086a89a9ce,PicPay,1,"o anúncio no jogo trava , toma toda a tela , é irritante Além de tudo já sou cliente e é desnecessário",Vinicius,0,
f2825cec-9214-4462-91fc-55b6cc1ce138,PicPay,1,o dinheiro cobrado no saque e um roubo,Gabriel,0,
2d1d72ec-6c18-4bc5-9413-af88f3d8ae11,PicPay,1,"Fiz a abertura da conta conta. por indicação e já incluirão um seguro conta cartão, sem minha autorização! Entro em contato com a central pra efetuar o cancelamento do seguro e a mesma só informa que estão com instabilidade sistêmica, se fosse para contratar não estariam. Estou tentando resolver de uma forma amigável, sem ter a necessidade de abrir um bacen contra o banco, porém os funcionários do mesmo não estão ajudando.",Bruno,0,
35248e88-0625-4b60-b190-79d2abfb54c8,PicPay,1,"NÃO USEM, É GOLPE!!! Sequestram teu salário e não te pagam. Já liguei diversas vezes e não obtenho resposta. Todos os meus colegas receberam na data correta, exceto eu que fiz a portabilidade para o PicPay. Segundo os atendentes houve ""falha técnica"" e o prazo para pagamento é um dia útil, ou seja, após o feriado de segunda (07/09). Vou exigir que paguem os juros e taxas de mora das minhas contas atrasadas por conta dessa falcatrua. Além disso, não respondem o chat!",Vinicius,0,
6414d063-142f-4932-94c7-c735221f6452,PicPay,1,"péssimo, no momento em que você é bom e ta certo você presta, estou a 4 dias tentando contato com alguém tentando resolver meu problema o chat da plataforma o famoso ""picpay assistente "" simoliemsnte não me respondem me deram 1 dia util para responder e já tem 4 dias não visualizam nem respondem minhas mensagens, fiz um empréstimo paguei antecipadamente ai agora peguei outro e simplesmente 4 dias nao caiu na conta não respondem nem se quer a inteligência artificial ta respondendo",Gabriel,0,
4d37b60a-a230-4fba-9fe8-4e21e68fe820,PicPay,1,"péssimo. meu filho abriu uma conta, enviaram um pix para ele de um valor e o pix entrou em análise. ele entrou em contato e nao resolveram o problema do meu filho. e ele precisando so dinheiro",Bruno,0,
d74116e1-a5a4-4cbe-a353-8008eba4ecdd,PicPay,1,"Não recomendo. A cada 10x que uso, 8 eu me aborreço. Durante mais de um ano fiz uso deste app desde que meu filho havia quebrado o cartão físico que eu usava antes. Mas com o tempo só piorou, principalmente depois de ter saído da Sodhexo para pluxee. Lento ou não abre. Toda hora peda pra atualizar o app ou a senha. Não recomendo!",Vinicius,0,
e653f720-2fc8-4419-9a73-cc178a26d814,PicPay,1,"boa noite, nunca tive problema com o picpay, mais fui paga a fatura do meu cartão de crédito que demorei alguns dias sem pagar , paguei e não consegui fazer compra nem fazer Pix no crédito...entrei em contato com atendente do app eles não me responde mais não resolveram o meu problema e eu preciso com urgência, paguei até dívida antecipada e ainda coloquei no cofrinho emergência pra aumentar o meu limite e agora não consigo nem tirar do cofrinho e nem fazer compra nada simplesmente cancelaram",Gabriel,0,
ce9afd1e-61ab-445d-87ce-1065cb9f5dc5,PicPay,1,"estou há quase um ano tentando encerrar a conta e não tem jeito, tentei direto no APP, tentei por telefone, por e-mail, pelo site e nada nem ninguém resolve",Bruno,0,
a3920511-8ff3-4e36-a60c-0f38ced8fd83,PicPay,1,comprei 253 ações imobiliárias e simplesmente sumiram 153 da minha conta no valor de mais de 1.400 reais no dia 02 de setembro de 2026 mandei várias mensagens e até agora não me deram uma resposta sobre o que aconteceu se não resolverem vou entrar com uma ação judicial,Vinicius,0,
bea5116d-da08-47f7-93c0-477bf3c61647,PicPay,1,péssimo aplicativo trava muito horrivel não recomendo,Gabriel,0,
7ec13dee-93c6-467b-860d-6d285bc5588c,PicPay,1,não consigo abrir a conta péssimo muito bug,Bruno,0,
5bd284a9-0317-4c26-9951-1500c582495c,PicPay,1,está péssimo pra fazer transferência via pix,Vinicius,0,
a6a9f1ae-b922-48bd-9e6c-d2fb76a7c14c,PicPay,1,"meu app tá fechando sozinho dando falhas, e eu recebo nisso, peço que normalizem urgente",Gabriel,0,
710d8793-05f2-435d-8f28-ef11d6642ce0,PicPay,1,"o banco é bom, mas estou chateado. Pago as faturas em dia e sempre valor total e nunca aumentou nem 100 reais se quer, decepcionante!",Bruno,0,
2e852ee7-4859-45af-8f7d-62fa5b776793,PicPay,1,"bom, só não gostei porque não tem limite de crédito para usar, é propaganda enganosa .",Vinicius,0,
ba16b735-83f7-4fe5-83da-d986089d0a28,PicPay,1,"App péssimo, tenho faz tempo e não tenho crédito, benefício nenhum.",Gabriel,0,
3a553771-75ad-418c-b271-2b38698746c1,PicPay,1,invadiram minha conta e não fui reembolsado aínda,Bruno,0,
5ac8431d-d1d4-4695-9bc3-9c0945588534,PicPay,1,pessoal não façam desenrola com picpay.fiz descontaram do meu Fgts. até agora minha dívida está lá. já liguei em todos os números deles ninguém atende.cuidado,Vinicius,0,
85d560f9-6364-4e3c-bc24-d65f24d8b65b,PicPay,1,aplicativo muito ladrão muito ruim 👎👎👎👎👎,Gabriel,0,
9e1bcec2-5689-4440-9426-216eda60f5e7,PicPay,1,o aplicativo não entrada erro não consigo acessar minha conta no poco c85 resolvam isso rápido,Bruno,0,
1ece0d46-f0d0-478d-b167-857c6fedeb12,PicPay,1,trabalhei anos com esse cartão esse app nunca me deram cartão de crédito meu score 1000 pontos e nada anota 1 estrela mesmo...,Vinicius,0,
4308e5ac-4b3a-4d5e-bf5d-eb9064f84a30,PicPay,1,cara que aplicativo que tá chato! uma poluição visual que só! próximo mês irei desinstalar isso! A empresa não tem time de UX para avaliar essa atrocidade?,Gabriel,0,
31bff5d9-0e87-48de-b2a6-82fefb076266,PicPay,1,instalei a 1 dia e está com erro em tudo. Não consigo ver saldo e tudo que clico volta pra página inicial e caso clique em empréstimo fala que está com erro,Bruno,0,
f2200e27-acba-4f52-b678-ccf35300a5b8,PicPay,1,NÃO LIBERA EMPRÉSTIMO HORRÍVEL DMS,Vinicius,0,
ab6d106f-a1db-4f9f-96ad-b3a9f76c843c,PicPay,1,"O app tem mania de ficar retendo ilegalmente dinheiro dos clientes, retém por dias, sempre alegando movimentação suspeita ou alguma mentira que inventam, sei bem que muitos vivem de investimentos e usam nosso dinheiro pra lucrar, mas ficar com retenção financeira toda vez, me atrasando em minhas contas e necessidades particulares, deixei de passar um dia com a família e curtir o dia por bloqueio irregular... não voltarei a utilizar o app depois de resgatar todo meu dinheiro",Gabriel,0,
fe7b9bee-d4ea-45ad-8c9a-fa4f85fded47,PicPay,1,"Péssimo banco com cobranças indevidas, parcelamento de dívida de cartão de crédito sem o consentimento do cliente. Péssimo, péssimo e péssimo!",Bruno,0,
26c3db9a-f792-4fd2-bb2e-eef2bc063aa2,PicPay,1,"hmmmm, tô sentindo que esse picpay tá ficando ruim... mudanças demais nos termos, acho que em breve vou sair dele.",Vinicius,0,
a5a4a8b1-9646-4e2e-be97-475a58a430ae,PicPay,1,"minha experiência foi ótima nota 1, só que o concorrente é melhor mercado livre toda a vida. Vocês já foram melhores 😡",Gabriel,1,
6a7972be-9162-4208-8f4d-b69ed7821e03,PicPay,1,está com mais de 5 dias que eu estou esperando a resposta de um reembolso de uma compra que eu fiz na shopee eu mando mensagem e nada de responderem e nem de resolver a situação eu estou precisando de atendimento porque pelo aplicativo não responde,Bruno,0,
b310a77a-a0a9-465d-bc58-9e94037ab123,PicPay,1,"esse banco é um lixo ..pela segunda vez roubam meu dinheiro falando q tenho bloqueio judicial q só esse banco sabe do bloqueio mais ninguém...n importa a situação q tenha de saúde pra pedir pra regata os investimentos nunca sai ...ele te seguram por 6,8 horas depois falando opção q n existe no aplicativo ...de vdd um lixo....vou terminar o q tenho aqui até vez 10 e nunca mais eu quero saber dessa conta",Vinicius,0,
b525022e-e05b-4e0f-82e2-597c5c2c9c1b,PicPay,1,"tentei instalar não abriu ,daí desinstalei e até agora não desistalou e não consigo fazer outro download",Gabriel,1,
bf85b291-9fe1-4a46-90de-5dab379296e5,PicPay,1,nao deveria botar cpf e nem senha so a digital,Bruno,0,
e49c071b-5c8c-4318-86ce-b9d5b6e17590,PicPay,1,"Não recomendo pois,do nada eles baixaram meu limite,então no momento estou preferindo usar nubank e mercado pago.",Vinicius,0,
15f710ca-d4aa-459a-9639-ace34f711389,PicPay,1,"banco amaldiçoado e mercenário, não pode clicar em nada que aparece vários anúncios inuteis, apenas para o banco comer seu dinheiro, isso sem contar o cofrinho, pra resgatar pode variar entre demorar 1 segundo pra cair o dinheiro, ou 3 horas,aí você não consegue pegar o dinheiro e tem que pagar dos créditos que você coloca lá como débito, e ainda paga taxa do dinheiro que é seu não libera nada para os usuários, independente da fidelizar ou se não deve e paga tudo em dia, me arrependi desse lixo",Gabriel,0,
4ca038af-6050-4fe1-a4a6-0b96e5684512,PicPay,1,"antedimento péssimo, estou esperando resposta de um estorno de uma compra, e até agora nada.",Bruno,0,
6f7e9703-ee79-4afb-8067-e58353e258ed,PicPay,1,"super ruim , sumiu com o meu dinheiro , até agora o suporte não me ajuda, péssimo de mais",Vinicius,0,
c04aa84a-6510-4324-93c8-8644e53bdaca,PicPay,1,não Tava entrando na minha conta tentei várias vezes,Gabriel,0,
a6bd7d33-43b3-44a9-95f0-286d3709a56a,PicPay,1,Não estou conseguindo fazer pagamento utilizando cartão adicionado a carteira tem dias.,Bruno,0,
b5dd1f1a-7a49-4951-9ea4-98244ea68ad7,PicPay,1,"tive um problema no aplicativo, mandei várias mensagens, tive resposta duas vezes, porém os atendentes sumiram e não resolveram meu problema",Vinicius,0,
efbb56d8-97a9-4fc1-9e32-cb3f6914b3f7,PicPay,1,O App ñ está funcionando,Gabriel,0,
d580d867-582a-4d4d-a04e-4cbfb329b03f,PicPay,1,"FIZ UMA APLICACAO NO COFRINHO PICPAY, E AGORA PARA FAZER O RESGATE PRECISO PAGAR O MEU CARTAO DE CREDITO, TENHO LIMITE DE 4800,00 GASTO DE 4590,00 , E SIMPLISMENTE O BANCO BLOQUEOU 5 MIL DO VALOR DE APLICAÇÃO, PARA GARANTIR O PAGAMENTO DO CARTAO DE CRÉDITO. PRECISO DO MEU DINHEIRO DISPONÍVEL PARA RESGATE QUANDO EU PRECISAR ASSIM COMO TODOS BANCOS, ISTO NAO EXISTE É ROUBO. SEMPRE UTILIZEI O BANCO MAIS NAO ACREDITAVA QUE NA PARTE DE INVESTIMENTO O BANCO FOSSE ASSIM, NAO INDICIO A NINGUEM",Bruno,0,
f9525af6-8e53-440e-b7f3-ce2acc6cfb62,PicPay,1,"Horrível! tentei cadastrar minha conta,e ficou aparecendo que os dados estavam incorretos! quando tentei cadastrar de novo, não entrava!",Vinicius,0,
8a20b966-5dd3-418d-be13-e305517c19fb,PicPay,1,"Já limpei cache, já desinstalei e sigo sem conseguir gerar um cartão virtual para usar a conta. Me enviaram cartão físico o cartão NÃO CHEGOU e colocaram no app que foi entregue e ninguém no atendimento via chat responde... poxa ta ficando chato já, tô quase desistindo e encerrando a conta.",Gabriel,0,
0f055462-187e-4993-9b23-b7dc66bb44a3,PicPay,1,Minha experiência com esse banco não está sendo legal.,Bruno,0,
fd196254-08f7-40b6-9f34-4ee3c26c0e63,PicPay,1,este banco tá um lixo aplicativo não está abrindo muita dificuldade para abrir,Vinicius,0,
97d7e2b0-eadc-402b-b5d3-d22bad67f9eb,PicPay,1,rapaz que loucura e essa de vcs eu tenho cartão picpay tenho dívidas grandes e não tem a opção de gerar boleto isso deveria ser denunciado isso não pode acontecer não só pagar com dinheiro em conta palhada demais de vcs falta de respeito com seus clientes,Gabriel,0,
41f090d9-c0f5-4198-ad51-5ea26c90a7f5,PicPay,1,"anúncios demais , divulgação de apostas e raspadinha e fica bombardeando o tempo todo com essas anúncios,não consigo bloquear, silenciei as notificações mas a caixa de msg do app fica lota ,e a tela tá cheia dessa coisas cada vez que entro no app ,tô pensando seriamente em excluir minha conta no app, não adianta fazer nada disso q passou como orientação,pois continua com todos anúncios e propagandas",Bruno,0,
4a170ce2-13ed-4166-b835-47abd4e8a515,PicPay,1,não libera limite já usou mais 5 anos,Vinicius,0,
79ce48eb-f27b-4581-ab17-b54af5b4ade0,PicPay,1,100 crédito? não nem pra ir ao mercado,Gabriel,0,
32645c95-bfce-4a99-b41b-2821da82ae93,PicPay,1,"simplesmente não consigo fazer login em minha conta, fala que deu erro de indisponível e voltar mais tarde mas já estou nessa a 1 mês",Bruno,0,
8d7bb08e-7beb-4d73-a674-71d2b2fd20f0,PicPay,1,"pior banco, nubank e muito melhor",Vinicius,0,
fa850615-e5ad-4fcb-b886-1cc356989936,PicPay,1,"Paguei a fatura do meu cartão no mês passado de 776,99, pagando adiantado um montante de 269,17, e paguei a fatura do mês seguinte que é esse mês 09/2026 no valor de 416,51 de forma antecipada também, totalizando 1.193,50, e estão me cobrando nesse mês a diferença JÁ PAGA ANTECIPADA do mês de agosto, minhas faturas deveriam estar TODAS PAGAS, gastei depois disso só 477 do limite até agr e está no sistema uma fatura desse mês de 776,99 e projeção de outubro para 1.193,50, JÁ PAGUEI, ARRUMEM ISSO!",Gabriel,0,
40c78d84-3fd2-427c-8e50-7c1d1b54f83a,PicPay,1,pycpey ladrão nunca vi desconta uma dívida com um pix por engano nao baixem eh um lixo não tem nada ver uma dívida com um pix Q alguém envia por engano picpey lixo 0 estrela,Bruno,0,
8a36f43e-8a1c-4c49-91ac-e414df13968f,PicPay,1,"o pior banco e esse, pegar o seu saldo, não libera, me arrependi",Vinicius,0,
1f2422ed-7ec4-42df-bdf9-b8c1f36ccdd2,PicPay,1,"depois que virei cliente epic nao tenho mais atendimento pelo app, estou a vários dias tentando solucionar uma compra com valor incorreto e a analista de atendimento Rayssa simplesmente não me responde mais desde o dia 27/08/26, atendimento caiu muito a qualidade",Gabriel,0,
3ff5e982-3b5d-4ee5-bd87-3e4522734633,PicPay,1,não tô conseguindo fazer pix pra outra pessoa não tá reconhecendo o CPF da pessoa sendo que está correto.,Bruno,0,
67e599b4-529a-4000-9f11-12a4e06f5f3b,PicPay,1,picpey e muito bom porém ainda falta evoluir) falta opçao de solicitar chip da vivo no aplicativo do picpey com plano 20$ pra desconta na fatura do cartão picpey está muito atrazado( o nubnk já tem essa opção de solicitar chip no aplicativo. quando melhorar eu dou 5 estrelas,Vinicius,0,
5bb7bfc9-b729-4781-a8ac-5947be7297cd,PicPay,1,péssimo banco uma pessoa me pagou com cartão e o pic pay descontou o dinheiro visto que vencia hj mas eu tinha até meia noite pra pagar outra coisa foi descontado e eu continuo devendo o mesmo valor vou procurar o Procon para denunciar o picapy perdi indenização por danos morais por te descontado sem a minha autorização,Gabriel,0,
5738a498-7a24-46cf-a5b5-be7bf133a189,PicPay,1,"Péssimo aplicativo, não recomendo sou mais recomendar o Nubank ou qualquer outro até o mercado pago. Cuidado com o dinheiro que vcs guardam no cofrinho pois vai para o limite e depois não tem como resgatar mais mesmo a fatura estando paga. Um conselho passe longe desse aplicativo.",Bruno,0,
0ea0dd2b-6485-40af-a1d4-9a4ab744af03,PicPay,1,não recomendo pois foi feito seguro de carteira digital sozinho pois a data que consta não tinha nemais o app instalado e depois que fiquei sabendo que estava devendo fizeram estorno em crédito para um cartão de crédito que não pedi e virtual que eles mesmo cancelaram resumindo tive que pagar até os juros e ter crédito estornado só do seguro para um cartão que não existia,Vinicius,1,
23f0f8b1-ca29-42ae-94ce-afd3275c87bf,PicPay,1,"Banco podre, fica incentivando a gente a apostar o tempo inteiro",Gabriel,1,
b9181e45-5245-479b-85e8-942876afc2fb,PicPay,1,Nunca consegui um cartao de crédito em outros bancos comsegui....,Bruno,0,
270c4216-4fa9-48cf-896e-35fe5a29e986,PicPay,1,tem hora que não aplicativo picpay e uma lixo,Vinicius,0,
801429e2-c682-4d2c-a061-256faa4a8dcc,PicPay,1,nao tenhe segurança sumiu 140reais do meu saldo de um pix automático que eu nao autorizei. o suporte n̈ao responde e horrível,Gabriel,0,
1115db11-408a-485f-a1c9-1f33ff742cc5,PicPay,1,"paguei com cartão e foi registrado como saliente no histórico de pagos porém não refletia pago no app, na final paguei de outro banco e no vencimento da fatura mesmo eu já tendo pago não foi reembolsado o dinheiro, Hj de novo paguei o Google e foi registrado como aprovado nos histórico de pago porém não pagou o google y de novo paguei de outro banco. mesmo com dinheiro na conta eles tiram como somentendo a dívida. As tentativas de pagamento todas foram com meu dinheiro, nunca crédito de vcs.",Bruno,0,
ce3e42db-61d1-4b0b-8073-9e288ab96031,PicPay,1,"Eu tenho uma fatura parcelada até fevereiro e simplesmente não consigo adiantar o pagamento, que palhaçada! da vontade de só comprar no cartão de crédito parcelado em outros bancos",Vinicius,0,
254f72ba-802c-437b-900b-6b74b8606563,PicPay,1,eu vi tanta propaganda na televisão sobre esse banco agora eu olhei no Google tem tanta reclamação que deu medo o pior que eu já coloquei todos os meus dados 😞 e agora será que é jeito de poder cancelar?,Gabriel,0,
956e5686-d247-451b-9d7f-c5f59483e519,PicPay,1,tenho muitos anos usando esse PIC pay estava movimentando bastante e nunca me liberou nada entt decidi encerrar conta pq infelizmente não faz nada,Bruno,0,
2689f50a-a881-49bd-ae81-942ff2a630e4,PicPay,1,"tive que desinstalar o app, pois não consegui criar uma senha para usar o cartão virtual, sempre dá erro, entrei em contato, falaram que iam solucionar o problema, e uma semana depois, nada ainda. e pra piorar o meu cartão consta como entregue, porém não recebi nada, não entregaram na minha casa",Vinicius,0,
46d137a6-1fd9-478c-8f4c-ebd2e2d8666b,PicPay,1,"NÃO BAIXE ESSE APP!!! SERÁ SEU MAIOR ARREPENDIMENTO!!! FIZ UM EMPRÉSTIMO CREDITO DO TRABALHADOR por vezes estou tentando antecipar parcelas e simplesmente não consigo porque não tem a opção de concluir, efetuar.Tentei conversar no chat do app não solucionam o problema, fiz reclamação no RECLAME AQUI simplesmente ignoram e nao responderam por lá. Voltei a falar no app e ainda não resolveram. Falei q vou procurar advogado SIMPLESMENTE IGNORARAM minhas mensagens. CUIDADO NÃO BAIXE ESSE APP!!!!",Gabriel,0,
9bf9889a-6396-482d-8cc3-888bfb724aba,PicPay,1,"Pessimo atendimento, 2 dias de espera pra não resolverem nada",Bruno,0,
fe301587-b739-4bf7-a9d7-2c7bf828475a,PicPay,1,péssimo não recomendo sem contar os juros absurdo as taxas é muito alta não ajuda só nos lasca mas ainda 🤦🏾‍♀️,Vinicius,0,
3ac3e3fe-cddf-463c-8a75-6efc1fb11363,PicPay,1,o dinheiro sumiu da minha conta,Gabriel,0,
ff21a3e2-5ffc-440c-9046-fcbd2726acf8,PicPay,1,esse App está um lixo a gente tenta contato mas nunca responde já tô querendo cancelar minha conta central de ajuda não responde,Bruno,0,
5505323a-65d3-4ff1-8647-2cc6ba4feda4,PicPay,1,"Muitas falhas, tem que melhorar isso com uma nova atualização.",Vinicius,1,
e0c7406e-8a37-409f-81f7-9a0371b9544e,PicPay,1,já tive uma conta picpay... foi a pior experiência (pior banco virtual ) o Melhor é o Nubank,Gabriel,0,
8e92e2e3-0205-47be-abdc-3b707b35d6de,PicPay,1,eu gostava demais mas desde quando entrei no golpe do advogado e me roubaram 1900 reais e nada o banco fez infelizmente não tenho nem mais ele como app,Bruno,1,
e7490dca-2ac9-4928-bf3a-c3a19bb64cbb,PicPay,1,"app horrível, péssimo atendimento e fui roubada",Vinicius,0,
3181b555-9700-4d72-867e-8170f10f21eb,PicPay,1,"horrível!! nada entra, so da erro ou fica na página de concluir cartão crédito!!",Gabriel,0,
c0aa1226-c600-4f19-982a-21225c7c9fd2,PicPay,2,"estou muito bravo eu criei minha conta do banco é mandei restaurar meu celular, quando fui tentar acessar eu não consegui pq o pic pay não identificou a minha cara i até agora eu estou sem pix :( eu quero ele de volta mais não estou conseguindo.",Bruno,0,
7db5e4e5-b538-49d3-ae0e-ee859f89c85b,PicPay,2,"o problema agr dele é o cofre, gosto muito da picpay e gosto de guardar sempre meu dinheiro no cofre e agr n rem como mais, tô quase pra desinstalar",Vinicius,0,
b14afb95-089e-4884-ac61-48f458558003,PicPay,2,"O banco é muito bom, mas não entendi porque meu aplicativo tá desinstalando o tempo todo, todas as vezes que vou usar, está desinstalado",Gabriel,0,
22c8d7e2-b788-4cb0-8f85-81acbababaca,PicPay,2,"Não tenho tempo para explicar aqui mas não criei conta nesse banco pelo amor de Deus. (pesquise a respeito do banco antes de abrir conta e botar dinheiro) me roubou por um mês e quando descobri desinstalei na hora... (o app é ""perfeito"")",Bruno,0,
ea2abf2f-8086-4058-8211-4cc68dba1e23,PicPay,2,"não intendo muito esses banco, diz que meu dinheiro do meu jogo está aí , mas não aparece nada",Vinicius,0,
b4546943-5596-4c34-9087-70b12c8acf3b,PicPay,2,o aplicativo parece ser bom o problema é que não tem acessibilidade para quem tem deficiência visual não possui modo escuro fica difícil o uso para quem tem baixa visão como eu.... acabei de fazer minha avaliação o suporte manda uma resposta pronta pois não tem nem capacidade de ler a questão do cliente minha reclamação foi sobre acessibilidade e não sobre atualização pelo jeito o atendimento deve ser péssimo... não fazem questão de responder de acordo com a reclamação,Gabriel,0,
92c1d009-d1c7-4027-b390-ca830223fce8,PicPay,2,"não consegui trocar meu número do celular, pois ele número que aparece não estou com ele mas.",Bruno,0,
fa60d451-c9bd-4b6b-a9ef-5780f0672263,PicPay,2,"gosto do aplicativo mas está dando problema, ""não quer sair da conta"" mesmo apertando várias vezes para sair da conta do aplicativo resolvam isso",Vinicius,0,
fd976de2-23e0-484d-96c4-eaf7a7c56d8d,PicPay,2,meu e-mail não está funcionando,Gabriel,0,
061da543-43a9-4753-be34-8c741bd3bc9b,PicPay,2,"eu gostava muito desse app antes,agr só p eu poder entrar no app leva em torno de 20 minutos,meia hora,pq ele vive travando,não é sempre,mas tem vezes q só p fazer um Pix demora quase uma hora,desenvolvedores do app, vejam essa questão aí pfvr",Bruno,0,
47271e4a-c1b3-489a-b52d-e0ad5a6f127d,PicPay,2,"Para efetuar pagamento da fatura, deveriam disponibilizar o PDF no mesmo dia de fechamento. Para piorar, a opção de pagamento pix só fica disponível se eu tiver o pagamento completo nesse formato. caso queira pagar boleto ou pix parcial, o cliente deve aguardar 2 dias após o fechamento da fatura. absurdo isso!!!",Vinicius,1,
a1ceb8e6-0ee2-4af6-a86f-ca6aff696c98,PicPay,2,meu celular queimou a câmera não dá pra fazer reconhecime nto facial tem como fazer de outro jeito,Gabriel,0,
4bf596b5-c43f-401f-823d-12091e9b595c,PicPay,2,"faz bastante tempo que eu utilizo o PicPay para usar o pix, e agora fui tentar solicitar um cartão gold no qual o anúncio é ser gratuito simplesmente sou redirecionado automaticamente pra um cartão platinum entrei em contato com o suporte e eles insistem em dizer que é ""o único cartão disponível""",Bruno,0,
5d84e6f8-44f3-4ec9-9245-6102c1ea1f68,PicPay,2,"trouxe os dados do outro banco pro PIcpay,pra ver os benefícios, não me deram nem um cartãozinho de crédito,liberou nada de crédito,mas o aplicativo é bonzinho!!👎",Vinicius,0,
1f43c059-1daf-44b6-b05d-33e82a0fb2e0,PicPay,2,nnnnnnnnnnnnnn não sei se v,Gabriel,0,
313c9bfb-5ff0-499e-aaae-3d1e75090c11,PicPay,2,"abri uma conta,foi rápido demais",Bruno,0,
c6cdcc94-cbb9-440b-b5ac-280db63fc547,PicPay,2,"venho aqui atualizar meu comentário, em forma de reclamação, hoje fui resgatar meu dinheiro do cofrinho do cartão para fazer pagamento e não consegui, pois o valor está como garantia da próxima fatura que só vence daqui a 20 , no mês que vem apenas, pago tudo em dia, isso é desrespeito a mim. mais de 5 anos usando picpay e nunca passei raiva como hoje. indignado, falta de respeito com seu usuário, se a fatura tivesse fechada para pagamento, entenderia a instituição, mais não está, só próximo mês",Vinicius,0,
d9524736-4b92-4429-b4b6-298dd509f774,PicPay,2,bom dia a conta é boa,Gabriel,1,
ab27bbb4-fcba-4449-93f0-efef96868488,PicPay,2,slk demora de mais pra abrir mano,Bruno,0,
5f192866-2efa-4350-bde5-f93dade9fac0,PicPay,2,"cobraram 10 reais de um seguro de cartão que eu nem pedi, corporações malditas",Vinicius,0,
33f5f052-44af-45d8-a820-f359bf3376ca,PicPay,2,hoje em dia tem dificuldade pra abrir e trava muito! tenho que tá atualizado sempre.,Gabriel,1,
3b45f94a-7cf9-4cb2-a84f-caf964362213,PicPay,2,péssimo. vc só tem cartão se depositar dinheiro. tá de brincadeira né ? quantos cartões te dão limite sem vc precisar abrir conta ou depositar? desativar a conta? impossível. o app é muito lento. eu vou desinstalar agora. e a conta vai ficar lá. rendendo zero por cento. adeus,Bruno,0,
2f9520fe-1363-4701-bfca-ff4b0d3532fd,PicPay,3,banco bom mais os juros muito alto,Vinicius,0,
eb877438-73f7-488a-9b5c-fee444a4a602,PicPay,3,as compras precisam aparecer na fatura no ato da compra tem vez que demora 3 dias pra aparecer,Gabriel,0,
4c2a84f8-44a8-4ff5-a141-e6a0a78a0469,PicPay,3,agora que estou começando aqui depois falo da minha experiência vamos vê daqui mais uns dias,Bruno,0,
b0c685c2-329c-4cbd-908d-e8b0ff0ea1e5,PicPay,3,"O App em sim é bom. Porem quando vc precisa falar com alguém, se prepare para ficar sem resposta.",Vinicius,0,
955bf9b5-287e-4b8e-ba47-17ff22e543d8,PicPay,3,picpay modifique a função que já tem no mercado pago no recargapay no nubank a fatura liberada para pagar e adiantar a fatura do picpay não libera para pagamentos só quando fechar mudem essa função que prende o meus valores e não posso usar de novo os meus limites querendo antecipar os pagamentos e coloquem rendimentos diários para nós ver entrando na conta do cofrinho por dia nos limites dos cartões melhorem picpay para seus clientes já tem nos outros bancos essas funções e a de cashaback,Gabriel,0,
a74f11d4-4a36-410a-8a3f-e66111955932,PicPay,3,"gostaria de ajuda, meu App: o número do cartão está outro, e preciso editar o número certo do cartão, mas não tem a opção de corrigir editar o número do cartão já tem uma semana tentando, falta de uso por este motivo, tentei pedindo ajuda no App: mas não chega nesta necessidade necessária 👍",Bruno,0,
554e08fe-a37d-43e1-8bc9-4f4418eddf7e,PicPay,3,Ja limpei o cache . Já desinstalei e Instalei de novo. e CONTINUA O MESMO ERRO DE Login e INSTABILIDADE . O ERRO É EM VOCES . CORRIJAM.,Vinicius,0,
0c739509-a442-438a-9b92-e23c3c5e0a86,PicPay,3,não me dar crédito já tenho ha temoo,Gabriel,0,
46768481-3247-4a94-9b36-cc669f632a28,PicPay,3,"é um ótimo app financeiro, mas ultimamente estou insatisfeita com uma função: a do cofre. há MESES tento concluir o meu cadastro pra criar um cofre e sempre que vai pra reta final o app informa que meus dados não foram salvos, e com isso sigo sem conseguir criar qualquer cofre. peço que por gentileza analisem a situação e se possivel corrijam-na o mais rápido possível!",Bruno,0,
c6006741-65a7-44f5-bede-55468b59ccf2,PicPay,3,"demora muito para carregar as páginas, é um dos bancos que mais dá erro na hora de processar as coisas e as páginas são esteticamente diferentes",Vinicius,0,
ede97907-78a5-4d54-b674-5e95c2212267,PicPay,3,poxa adoro a picpay mais to desgostando pedi a segunda via do meu cartao ate hoje nao chegou ja tem um mes e pouco nao ta nem disponível para rastrear o cartão aff,Gabriel,0,
50b00fb2-153d-4918-8e5f-441e64549a98,PicPay,3,a gente tem que ser cincero o aplicativo para fazer pix e ótimo isso eu gostei,Bruno,0,
c68b2bdf-b6f3-4487-886d-27a2511b7898,PicPay,3,estou com problema pra saca o linite disponível e até agora ninguém respondeu,Vinicius,0,
dc6f660e-2f07-49ab-b00d-b41015692997,PicPay,3,"já pedi o cartão 5 vezes não chega de jeito nenhum, entregaram errado 5 vezes, finalmente chegou na 5 vez, disseram que já tinha entregue pensei que tinha errado de novo, mas ainda tô bolado",Gabriel,0,
5311dd37-d1c1-4cb3-84b7-692472a7f5b9,PicPay,3,eu mesmo fui golpe de propaganda enganosa ... abaixei o aplicativo fiz o cadastro na conta tudo certinho pensando justamente no crédito para negativado coisa que isso é falso...,Bruno,0,
9aa73155-b03a-440a-b3ee-b9d7c97da0cb,PicPay,3,O App é bom. Porém deixa a desejar em algumas opções e utilidades que já deveriam estar implementadas. Como uma forma mais fácil de verificar o rendimento mensal dos investimentos é um histórico mais detalhado. Eu prefiro utilizar outros aplicativos para verificar esses dados do que o próprio aplicativo da PicPay. Por enquanto essa será minha nota.,Vinicius,0,
092f44fd-9453-449e-9971-f385251c413e,PicPay,3,"o atendimento no chat é horrível, deixam o cliente lá falando sozinho",Gabriel,0,
c732247b-77e7-49d3-bc68-55039b0ede1b,PicPay,3,"Banco muito bom e com benefícios visíveis ,por tanto uma coisa que decepciona e me faz querer mudar de banco e o fato que não lançarem a fatura certo e sempre deixar 2 a 5 dias úteis pra lançar a compra isso me da uma sensação de que não posso confiar no que o app mostra já que se entra daqui a 2 dias a fatura vai ter subido mesmo sempre compra nada nos últimos dias,simplesmente pelo motivo da compra esta em análise, e isso é uma reclamação de várias pessoas. (trabalho como financeiro)",Bruno,0,
effb425f-d599-4311-828f-7a0458207f05,PicPay,3,"Eu comprei uma skin no PicPay para deixar o aplicativo personalizado, mas, quando fiz a compra, achei que ela fosse alterar o aplicativo inteiro. Porém, descobri que ela muda apenas a tela inicial. Fiquei bem chateado, porque eu esperava que a personalização fosse aplicada ao app todo, e não somente a uma parte.🫤",Vinicius,0,
d2adeff6-b78b-40dd-8807-88c7cd0c0c86,PicPay,3,"Não usei ainda , mas aparentemente é fácil de usar",Gabriel,0,
a8b78369-39ee-4ca4-b024-5979696ca5a8,PicPay,3,"Tinha a versão Gold e migrei para o Black Epic recentemente. E um app completo, com boas ferramentas, benefícios e investimentos. Somente um defeito me incomodou bastante: o app demora 2 dias úteis pra atualizar as compras na fatura e gerar cashback... isso é bem chato, diante de outros aplicativos concorrentes onde tudo é imediato! Atrapalha muito o orçamento, a praticidade e até por segurança... Espero que isso mude posteriormente. : /",Bruno,0,
8bdfa562-260b-48f7-ae38-1657a44ae812,PicPay,3,"tinha dado 5 estrelas mas sinceramente é uma chateação.... Uso esse cartão todos os dias, pago e não atraso, ele não permite o aumento do limite. limite super baixo Nam",Vinicius,0,
5a1089f8-0dac-4cb2-b0ea-a7e061d2638c,RecargaPay,1,"Horrivel, Nunca tive conta nesse App, criei uma, e quanto caiu dinheiro na conta, fui transferir e aparece msg que eu tenho uma pendência, como pendência se nunca tive conta! meu saldo bloqueado e não tem suporte adequado.",Gabriel,0,
ee8ea8c9-36f5-4ce1-8705-86b7ec834134,RecargaPay,1,"Por errar a minha senha não consegui mais entrar por ela, então tentei redefinir, mas o aplicativo não reconhece o meu rosto e não consigo acessar minha própria conta. falei que não consigo acessar a conta, o app não reconhece meu rosto, poxa, eu só queria o meu dinheiro de volta.",Bruno,0,
a180375d-1835-4fb2-8c80-5d7e5671746a,RecargaPay,1,"muita demora pra entrar,tô desistindo",Vinicius,0,
a2b771c2-43c4-44d3-97ab-6b19f632b585,RecargaPay,1,"consegui empréstimo 1 vez paguei certinho não entendi o porque eles me bloquearam pra empréstimo, sendo que eu só uso pra emergência.",Gabriel,0,
8c6d7440-1218-4ec6-bdc1-88070895f4bb,RecargaPay,1,"Estou editando a minha avaliação, recarga play . eu fechei minha conta faz uns meses porque não tive limite de crédito aprovado mesmo movimento minha conta usando ela diariamente, hoje recebi um mensagem no whatsapp dizendo que eu tinha um crédito pré aprovado, como eu gostava muito da conta resolvi tentar reabrir, mais não deu certo fala que eu não atendo aos critérios, tenho outras contas com limite bom. gostaria de voltar a a usar o recarga play, quando for possível me ajuda dou 5 estrela.",Bruno,0,
3733c43f-6102-4810-9279-9d84917c764f,RecargaPay,1,"Aplicativo nao abre de jeito nenhum, desinstalei e instalei e nada...preciso usar meu dinheiro, atendimento telefônico impossível, eai? SURREAL PRECISO USAR MEU DINHEIRO, QUAL TELEFONE QUE FUNCIONA?",Vinicius,0,
1753cd08-ed11-42af-89e8-001828ed2f8a,RecargaPay,1,não estou conseguindo abrir o app,Gabriel,0,
a0ce57f0-97a3-4245-9192-d50ebae397d4,RecargaPay,1,"Eu só queria logar, mas fala pra colocar o CNPJ do meu negócio, mas não tenho negócio, eu só trabalho pro mercado.",Bruno,0,
2eea4f37-8bfd-429f-857d-bf4a997e6f96,RecargaPay,1,"Horrível,me deixou na mão quando mais precisei . Lentíssimo! Vou procurar outro banco .",Vinicius,0,
4c88ed06-8b3f-4a2b-969d-e2604628735f,RecargaPay,1,não presta que cobrar taxa em tudo até no Pix e um roubo,Gabriel,0,
7850e0eb-076f-401c-bd11-f8c92ed895e9,RecargaPay,1,"estão me mandando mensagem de limite ,mas não libera o acesso ao aplicativo não pedi conta PJ .aí aparece uma página travada dizendo conta PJ em análise e faz tempo isso .será que teria alguém competente para resolver se posso fazer parte do aplicativo.ou devo excluir ?",Bruno,0,
4c8e9d73-93ce-4ee8-83af-3b7e528983b8,RecargaPay,1,"tenho q conta e não consigo nem entrar no app, aparece uma msg que minha conta não pode ser acessada e que será encerrada e não segue a política do app",Vinicius,0,
f63465b1-c362-4a0f-943f-70ccbe80a207,RecargaPay,1,o app era até bom mas virou um app inútil da noite pro dia,Gabriel,0,
c882a2ab-b367-43b4-96c2-25ab82d77694,RecargaPay,1,"olha tou odiado vcs diz que o dinheiro em reserva rende faz tempo que guardei o valor e esta zero, vcs acha e bom pois mesmo que a gente desfaça a conta vcs continua ganhando por conta por isso vcs nao ajeita nunca as coisas erradas",Bruno,0,
bdda4306-43e1-4eca-bdc0-d2e37d055bec,RecargaPay,1,muitos problemas paguei o empréstimo e até agora não recebi o saldo de volta pior não consigo falar no telefone com ninguém,Vinicius,0,
a7565ffa-5545-4803-8a46-54018410715e,RecargaPay,1,Não oferece limite alto e ainda descontar quando vai enviar no pix.,Gabriel,0,
f1f3de41-8361-4247-b94c-8e8db27fc274,RecargaPay,1,eu gostaria de saber como faço para recuperar meu dinheiro que eu tenho no recargapay minha conta simplesmente sumiu do nada já tentei entra em contato e nunca consigo ooh,Bruno,0,
627deabd-cced-44b5-b32e-e4711d32bb6d,RecargaPay,1,"Horrível, nunca funciona sempre dá erro e estorna o valor",Vinicius,0,
1ca651dd-22cc-4675-b2c7-8175f51899d8,RecargaPay,1,muito pouco empréstimo e desconto tbm.,Gabriel,1,
f0d92be3-e592-45f1-883c-46e824678032,RecargaPay,1,Não estou mais conseguindo acessar minha conta faz dias quando vou entrar diz que esse CPF não pode ser usado,Bruno,0,
93204a3d-f6ea-4b9b-b8b7-ba0a9729cfce,RecargaPay,1,estou com problemas p acessar o app nunca abre já fiz tudo que é possível,Vinicius,0,
205123df-c101-4e34-9616-47b447a9f373,RecargaPay,1,Preciso de ajuda ...o reconhecimento Fácil do meu App está dando erro não consigo e entrar tem mais de 24 horas ....não consigo entra no App pra entra em contato com o suporte...,Gabriel,0,
f926fe39-0741-4c9b-9844-2a523488d1ae,RecargaPay,1,"retiraram o cashback, agora tem que pagar MUITO CARO pra ter algum cashback. nunca mais vou usar esse app. eu já tinha achado ruim quando tiraram cashback pra recarga de bilhete único. o dono do recargapay deve ta passando fome, precisa tirar cashback.",Bruno,0,
36df316f-2386-41af-a69c-13667eb32ee6,RecargaPay,1,"Nunca foi como é dito no anúncio, de fazer Pix parcelado mesmo sem saldo na conta, conseguir uma vez fazer o tal Pix parcelado porque havia saldo em minha conta, ou seja sem saldo na conta não faz Pix parcelado",Vinicius,0,
f448b913-65c1-4775-a166-66511d34199d,RecargaPay,1,"Péssimo app,quer te emprestar 50,00 mais você tem que investir 500,00.Um verdadeiro caça níquel.Desestale o quanto antes Com certeza não vai durar muito.Já já quebra.",Gabriel,0,
c18721d2-8dcd-4f7f-8b6d-94927dee280b,RecargaPay,1,"Péssimo, iniciei com empréstimo de 20 reais. Limite foi para mais ou menos 40 reais, paguei uma vez em atraso. Foi liberado 20, paguei antes da data e não liberou mais limite. Um lixo de banco, não percam seu tempo. Há instituições financeiras que você começa com 50 reais e aumentam seu limite mensalmente, facio e Blipay. Não vou pedir que melhorem, por mim que percam mais clientes.",Bruno,0,
227b9088-0f9e-4efa-bc00-8909d17b264f,RecargaPay,1,"App invasivo. Entrou no Whatsapp, mandou msg informando crédito pessoal disponível. Ao baixar e instalar, só mentira e roubo de dados. Não liberou um centavo sequer! Fiquem espertos...",Vinicius,0,
ef2ff29f-f03f-44bd-ae37-b2a898456b1c,RecargaPay,1,RecargaPay é fraudulenta e golpista. clonaram meu cartão e a RecargaPay se recusou a cancelar a compra. agora vamos brigar na justiça.,Gabriel,0,
bad01e45-4bc5-448e-8338-133e8451720a,RecargaPay,1,me deu 60 reais usei e paguei e agora não me deu credito nenhum mais até agora não voltou meu limite nada ver vc paga e não volta o limite affi,Bruno,0,
852bedff-095c-4354-8df4-db02d9c94a85,RecargaPay,1,Os serviços desse lixo não funcionam. Vou cancelar minha conta nesse app. Não recomendo nem pro meu pior inimigo.,Vinicius,0,
1ef1da70-f659-41ac-b3ad-9a6a4ba5068c,RecargaPay,1,"Não encontrei como carregar o Bilhete único através de um código PIX direto. O Pix gerado é para o valor ir para a Carteira, mas recebo Vale Transporte em um aplicativo que só faz PIX direto pro Bilhete.",Gabriel,0,
72cbae43-86e3-4503-9a93-2b1c12cf733c,RecargaPay,1,"A qualidade do app caiu drasticamente. Ele simplesmente não aceita recargas feitas no cartão de crédito em 1x, tentei inúmeras vezes e todas foram recusadas. Agora bastou uma tentativa parcelada (com juros, óbvio) e aceitou de primeira. Estou desinstalando e não recomendo mais!",Bruno,0,
9faec7a5-f3cd-4de4-8b1e-75dfa9785fc7,RecargaPay,1,pior aplicativo que eu já tive ... sofri um golpe e eles nem se quer fizeram nada ... ainda falaram que a compra foi feita por um aparelho meu ... se meu celular foi clonado,Vinicius,0,
a10798f4-5f30-4247-86c5-dc4bd46966b9,RecargaPay,1,"já não gostei, paguei um dinheiro que não usei",Gabriel,0,
3e8c1bbe-369c-4408-b265-c053688f8d74,RecargaPay,1,não tem limite pre aprovado,Bruno,0,
8b21b4bf-5c33-4cb8-9063-31d5d201450f,RecargaPay,1,não gostei quero feixar minha conta,Vinicius,0,
4f0bf28e-cc05-44c7-8955-09f625054f26,RecargaPay,1,A RecargPay me liberou ontem um empréstimo pessoal de $10 eu desinstalei o aplicativo só de raiva.,Gabriel,0,
b0e0719d-0dda-4f48-97cd-2c852ea7d85b,RecargaPay,1,incrível não usei e já fui cobrado paguei e vou cancelar,Bruno,0,
382fd9b7-d51c-42d2-9ac6-0efe696ce8cb,RecargaPay,1,"ruim não gostei vou pagar o empréstimo e não vou usar mais,",Vinicius,0,
caf6b47e-2af8-4443-b516-fd42e22fed68,RecargaPay,1,"Se você um dia precisar de atendimento, esqueça. Péssimo. Aplicativo bugado que nunca chega notificação de compras. E ainda chamam o cliente de mentiroso em outras palavras. Não indico a ninguém.",Gabriel,0,
72a72465-7f83-4e07-866d-ffb00c2c05ea,RecargaPay,1,"horrível, o aplicativo exige reconhecimento facial pra recarregar o bilhete único",Bruno,0,
f54ff399-60b5-45f2-99ce-38b2e6e042ae,RecargaPay,1,Eu tenho a conta e já estou a mais de 24 horas tentando entrar no aplicativo e não consigo e isso já mim chateou num nível que vocês não fazem noção,Vinicius,0,
939862e8-9b95-44ae-a8f2-41d6e2d6a1bd,RecargaPay,1,"sempre deixa na mão, banco online horrível",Gabriel,0,
3de2eb21-8ecf-4fca-9741-656d202c3541,RecargaPay,1,"app lixo cancelou minha conta sem motivos, restringiu meu cpf 😒👎👎👎",Bruno,0,
be4499cf-4c38-49d7-8c8c-596131562a34,RecargaPay,1,"se podesse daria menos estrelas.. manda mensagem pro whatsapp da pessoa dizendo que pode tirar empréstimo, a gente abre a conta e eles te dão um empréstimo de 10 reais.. que piada de banco não recomendo nunca!!",Vinicius,0,
a7a7f6b1-b643-412e-9b26-9d4c67e1eb9c,RecargaPay,1,sem atendimento somente as perguntas/respostas burras deles,Gabriel,0,
1c17a802-4b51-464a-a17b-45224996ff93,RecargaPay,1,Que Palhaçada fizeram comigo colocaram que eu paguei empréstimo no meu cartão sendo que não paguei nada. fiz outro empréstimo cair no cartão recarga pay o dinheiro tá lá preso não consigo usar tenha vergonha na cara vou acionar o PROCON,Bruno,0,
478a9fdc-2ef6-481d-afa0-329192433c01,RecargaPay,1,de todos os aplicativos que eu já baixei esse aplicativo é o pior que tem para mim não serve de nada pois nem consigo entrar nele tá doido não quero mais nem saber,Vinicius,1,
287d89e6-bcfb-42e8-be4d-26e30a8390e1,RecargaPay,1,"cuidado galera, vc deposita 20$ quando vai transferir eles compram 0,60 não recomendo, cuidado.",Gabriel,1,
65b8b23f-f884-484d-ba2a-47865292cba0,RecargaPay,1,"O pior banco que existe, os atendentes são mal educados! O banco vive inventando taxas e seguros para ROUBAR DINHEIRO DA SUA CONTA!! E como se não fosse suficiente, ele dão crédito e tiram assim que você paga a primeira fatura ""mesmo o pagamento feito antes do prazo!!"". O portal para atendimento ao cliente é muito difícil de acessar, realmente a minha PIOR experiência com bancos online que já tive. Banco não, instituição de pagamento.",Bruno,0,
83cc7c11-37d4-46ad-b4e8-a3da0e80a4fa,RecargaPay,1,não estou conseguindo acessar o aplicativo. fala que eu não atendo os requisitos sendo que eu já abri a conta e não consigo falar com o suporte sem acessar a conta,Vinicius,0,
a631c711-3485-46a4-9a99-1c18995871c9,RecargaPay,1,"Já me estresse logo no começo. Muita burocracia, um questionário desnecessário, já que é um app só pra recarga onde vc vai usar um outro banco pra pagar. Me senti preenchendo esses formulário socioeconômico de benefícios publico kkkk",Gabriel,0,
af49c3da-65ce-4ec7-8118-38002b193e1b,RecargaPay,1,Contratou um seguro sem meu consentimento!,Bruno,0,
39f2fcd3-f6b0-4310-b493-96217fbf005e,RecargaPay,1,"⭐ Minha experiência foi extremamente decepcionante Sou cliente antigo da RecargaPay e utilizava bastante o cartão, inclusive Pix no crédito e movimentações de valores elevados. Sempre tive um relacionamento ativo com a instituição. O problema é que fui surpreendido com o cancelamento do meu cartão sem aviso prévio e sem uma explicação clara. O mais absurdo: a fatura que venceria somente em 01/09/2026 foi paga integralmente em 28/08/2026, antes do vencimento, e mesmo assim o cartão foi cancela",Vinicius,0,
edfcea2c-850d-4b59-b360-f48a443e2e0a,RecargaPay,1,"Bando de sanguessugas, paguei tudo certinho e não obtive mais ofertas. só sabem cobrar antes do prazo e ainda tentam cobrar pelo cartão pessoal sem a devida autorização do cliente.",Gabriel,0,
2f06f6ef-0a9b-441a-b8f2-cbb1defadca3,RecargaPay,1,opção de ajuda limitada e atendimento lento e ineficiente,Bruno,0,
212841ad-8ca7-4190-87ed-0b2a88bac510,RecargaPay,1,"QUAL REGULAMENTACAO? KKKKKKK CONTRATOU SEGURO NA MINHA CONTA DIGITAL, S E M M I N H A AUTORIZACAO. AFIRMOU SEGURO SER GRATUITO 30 PRIMEIROS DIAS, E MESMO ASSIM CRIOU DEBITO DO MESMO EM FATURA DE CARTAO RECARGAPAY PRE PAGO: PEDI P/CANCELAR SEGURO [DENTRO DO PRAZO PREVISTO POR LEI] N A O RESPEITOU A LEI, NEM A MIM. PERANTE PEDIDO DE ESTORNO, FEZ-SE DE ""LOUCA"" - PLATAFORMA N A O E CONFIAVEL! CANCELEM SUAS CONTAS! ANTES QUE SOFRA PIOR FURTO DE SUA VIDA, E VEJA. S E U SALDO IGUAL A Z E R O!",Vinicius,0,
f284e48b-1791-4ead-a963-c20d347a5501,RecargaPay,1,"Limite de empréstimo a princípio aprovado de R$ 10,00 reais , isso mesmo 10,00 reais, e tem quase um mês que está nesse valor e quando tento pegar não permite, humilhante esse app, pensei que pegava esse valor e conforme fosse pagando subiria meu limite mas nem esse limite de 10,00 reais liberam. É fazer do cliente um tremendo palhaço . Nunca vi uma empresa agir dessa forma antes .",Gabriel,0,
29065453-2161-4887-b46a-fffb278ddf06,RecargaPay,1,pedi um cartão mais esses entregadores da o cartão na mão de qualquer um e nem pede o nome SLC terceira vez que pesso o cartão mano papo reto eu uso muito essa conta mais vou desistir desculpa,Bruno,0,
7bddfaa6-39ab-48a2-92e1-f9ab2a7d8acc,RecargaPay,1,Nao deviam ter tirado a opção de fazer TED. INFELIZMENTE. ainda ao colocaram transferência TED,Vinicius,0,
8dad9d5d-6f8d-4e45-b912-68cd94e3e715,RecargaPay,1,"me pediu a missão de indicar um amigo para aumentar meu limite do cartão de crédito, fiz, não aumentou o limite e me pediu mais 3 indicações, resumindo, enrolação.",Gabriel,0,
5d053320-2ded-40c8-bd63-f3449d0b1a4f,RecargaPay,1,não dá o emprestimo que a empresa fornece.,Bruno,0,
3c836262-4ecf-4583-99a6-b3f80b19d2a2,RecargaPay,1,Taxas altas e o valor era muito maior que eu tirei do cartão.,Vinicius,1,
80560ef2-616c-4515-8fe1-1ed14ffdec4a,RecargaPay,1,vou dar uma estrela o aplicativo não está fazendo a verificação do cartão.,Gabriel,0,
243d10ae-a509-468a-af91-da1794a1c0be,RecargaPay,1,desfaz a senha e-mail de início não valida a chave SMS. tô indo,Bruno,0,
a350c27b-1ca5-42c0-a5db-d7dcaba5c1a6,RecargaPay,1,vou desinstalar muitas resenhas negativa sobre o app tô fora ...nem vou concluir o cadastro.,Vinicius,0,
fa5486ac-ff4b-4262-a87a-44d072bf266a,RecargaPay,1,não tive nada de experiência não abre,Gabriel,0,
c8f0cc1f-1f8a-4986-9405-5667a43f41c2,RecargaPay,1,"ruim, fica num loop infinito e pede toda hora o email pra entrar e não sai disso",Bruno,0,
a70828b8-ed98-4a37-90ae-29cea0b2bdea,RecargaPay,1,nos ads juros pix de 2.99 realidade: 4.99,Vinicius,0,
f0a5110b-630d-47b2-8199-3410bbb998b3,RecargaPay,1,"que empresa lixo, precisava de um cartão com muito limite para fazer uma compra internacional no PayPal. meti todo o dinheiro para a compra no cartão Titan e fiz a primeira compra no valor de 19500 ainda faltava outra compra de 9000 para finalizar. a primeira passou a segunda bloqueada. Tentei pelo C6 e bloqueou mas aplicativo autorizei e foi. Resultado fiquei com o cartão de 9500 de limite que ao ir na frutaria que sempre compro e não aceitou para 55 reais KKK lixo. resposta aqui vai para lixo",Gabriel,0,
f37faf90-f2a1-4b6d-a5f7-fb657690b137,RecargaPay,1,não gostei pq pra fazer transferência via pix compra,Bruno,1,
699178f5-ecea-4dff-919a-12f8d8e96292,RecargaPay,1,"paguei antecipado o empréstimo, e eles não me liberaram mais nada, péssimo além disso os investimentos com liquidez diraira ficam alterando as datas de carência.",Vinicius,0,
102de056-9e2d-4320-9db8-e29df124b712,RecargaPay,1,pecimo sem muita explicação sobre funcionamento,Gabriel,0,
a1bc2c76-343b-49df-94e2-4e822932b60b,RecargaPay,1,quero registra um golpe que eu caí e foi recusado como que eu faço para recuperar meu dinheiro amigavelmente sem precisar acionar meu sistema jurídico tenho as provas todas aqui,Bruno,0,
7782e86d-8d43-487d-bf10-f9a0c4937aa0,RecargaPay,1,"Fujam, vão usar cada brecha da lei pra te ""roubar"", vão usar sua necessidade momentânea para isso acontecer.",Vinicius,0,
7bd7c982-c276-4670-bda1-2b95f9e6e6a3,RecargaPay,1,galera não caiam nessa do empréstimo. achei que tinha pago e não pagou aí multiplicou aí ficou mais injusto... resolvi não pagar. agora tá 8 vezes mais e ainda ficam tentando direto tirar meu limite do cartão isso mesmo após ir pro Serasa. não recomendo o empréstimo do recarga pay ... não recomendo esse lixo pra ninguém,Gabriel,0,
7e550b77-11eb-45a0-b8b3-24468ee73942,RecargaPay,1,eu estou pensando seriamente em excluir meu app o que eu quero com um aplicativo no qual eu não posso contar com ele sendo que sou cliente antiga e sempre tive proposta de empréstimo e todos que peguei paguei certinho agora que estou precisando eles não liberam.. então do que serve vc movimenta a conta pagar certinho se vc não e valorizado pelo app,Bruno,0,
b686752e-860b-40d4-8259-99a1687d1261,RecargaPay,1,"ATENÇÃO CUIDADO🚨🚨🚨🚨fui roubado, eu paguei minha fatura, quando fui ver tinha mais 266 reais que me deram do nada, dai adicionei mais 139, 82 era para almentar meu limite, quando fui ver eu tinha menos de 140 de limite meus 139,82 sumil, beleza restou 126 reais fui fazer um pagamento dava saldo insuficiente, verifiquei o limite estava la, menos que era previsto na logica resultado o dinheiro sumil todo, mesmo eu com as faturas en dia sem nem um debito, estou aqui orelculpado",Vinicius,0,
4e96d424-838f-4972-bf8e-e7659df8e656,RecargaPay,1,"horrível só liberaram 10 reais de limite, nem estou conseguindo fazer um pix com esse 10 ,só posso fazer se cadastrar um cartão de crédito .",Gabriel,0,
0972c8ad-604b-42e4-bfc9-132a42d3d1da,RecargaPay,1,oferecer 10 reais de crédito ? vocês não tem vergonha na cara não ?,Bruno,0,
7a025c20-bcc2-4377-ab01-ce9dcb45b152,RecargaPay,1,péssimo me cobraram uma coisa que não eu sei o que é.,Vinicius,0,
78544ff2-92f7-4ea9-8516-5cdde3fe13d5,RecargaPay,1,"péssimo, não sei usar o aplicativo, ao invés de pedir, acabei depositando, agora quero cancelar e pegar meu dinheiro volta no estou conseguindo",Gabriel,0,
cc68b9c3-7427-4fdc-baf3-7549b719483d,RecargaPay,1,"recebi um golpe, e esse app não estounou um app que não dá suporte, fraude,",Bruno,1,
d1e73828-ec4f-46f0-af4c-e7f110336662,RecargaPay,1,ABSURDA A COMPLICADA A TRANSAÇÃO. DO TEMPO DA PEDRA! PÉSSIMO APP! MUITO BUROCRÁTICO E PROLIXO. 🤬,Vinicius,0,
be18671c-987d-4b4d-9233-b323436ca362,RecargaPay,1,"dois mentirosos que faz propagando de jogos e agora fazendo de banco slk como aceitam isso, ela pintou até o cabelo",Gabriel,0,
baf33d0c-c1f4-402d-8191-5d575326c059,RecargaPay,1,"pedi 10 e foi 9,70",Bruno,0,
5d28c60e-9262-469b-9a2e-f6d21b4a30f5,RecargaPay,1,"tentei por recarga de passe estudante blumob por esse aplicativo via Pix, mas o aplicativo só me permite fazer a recarga usando cartão de crédito. eu não quero usar cartão de crédito, nem quero trazer minha chave Pix para esse aplicativo. eu queria apenas transferir o valor via Pix e direcionar para blumob, mas o AP não faz. estou fazendo recarga com dinheiro mesmo no terminal de ônibus. que sistema retrogrado que nos faz voltar ao passado. é inútil, eu vou desinstalar esse ap.",Vinicius,0,
b2e3352a-2254-4bd2-9061-0c8793ab0b64,RecargaPay,1,"pessoal tenha cuidado o recarga pey está com um grande problema pois eu depositei 76,00 reais e perdi e sumiram com meu extrato passei para o C6BANK e o genial investimento pois eles dão rendimentos diários e cashaback em compras com o cartão o recargapay não tem mais vantagens e estou com o Inter que dá limite e 10% a mais pelo o banco São cartões bons e o pagbank também da cashaback e rendimento o recargapay e uma dificuldade para abrir o app preciso abrir com urgência e fico no prejuízo",Gabriel,0,
c0e3126d-8191-45d6-8808-30a86557de73,RecargaPay,1,"fica me roubando meu dinheiro que tenho na conta,todos os dias roubar 20 reais",Bruno,0,
1d90d46f-150c-4232-a249-1fd31d2f234c,RecargaPay,1,isso e uma farsa nunca consegui entrar na conta,Vinicius,0,
4b75a2e0-4624-4ba6-99be-6f979bd7dab7,RecargaPay,1,"Aplicativo péssimo. Vive dando erro de conexão e você fica sem acesso a conta quando mais precisa. Sem falar das taxas absurdas que o App cobra. Sugiro utilizar o app do Mercado Pago taxas razoáveis, regras claras e excelente suporte.",Gabriel,0,
37d9c2e9-5e4a-4e42-87d3-94da27e87000,RecargaPay,1,"Bloquearam minha conta por um Pix contestado. Uma pessoa de má fé contestou um Pix feito, e a Recarga pay simplesmente bloqueou minha conta, com mais de 500 reais lá. Era para bloquear o valor do Pix, e não meu dinheiro que está guardado lá. Preciso do dinheiro para pagar a fatura do cartão de crédito de outro banco e não consigo, ABSURDO.",Bruno,0,
82501e35-fa9f-4e42-a071-28b55b7255ab,RecargaPay,1,devia ter cartão de crédito limite garantido para 16 anos,Vinicius,0,
09adf19d-27b1-47ad-aaa9-3b57ba5c25ce,RecargaPay,1,"ENGANAÇÃO, GOLPE. Prometem crédito e não dão. DENUNCIEM",Gabriel,0,
a844a8bd-48fb-4034-a1a6-ed05a29dfd67,RecargaPay,1,Não abram sua conta nesse aplicativo não é seguro. Tenho cartões cadastrado no aplicativo e eles usaram o limite do meu cartão cadastrado no aplicativo para pagamento de uma conta que estava em atraso. Tive um imprevisto e tive que atrasar as contas mas não significa que eu não ia pagar. Usaram meu cartão sem meu consentimento como se tivesse usando o saldo da carteira. Isso não é permitido e já acionei o meu advogado. usar cartão como se fosse a pessoa usando é crime e eu vou processar vcs.,Bruno,1,
7fa496c5-def8-48ac-aa9c-7d8e51a5c4d6,RecargaPay,1,Desculpe não tem zero estrela 🌟 mas nota é 😱 0,Vinicius,0,
b1b1da91-d712-47f1-bb3f-713f1203e261,RecargaPay,1,esse app e horrível eles me bandiram e eu estou conseguindo entrar nele pra recuperar o dinheiro que eu tenho nele eles estão me roubaram e eu n consigo recuperar o dinheiro,Gabriel,0,
818c3054-b187-4a5d-a4d0-fffc2d297e97,RecargaPay,1,"Uma verdadeira enganação,fiz meu cadastro pq recebi proposta de empréstimo de 1,000 mil reais e no aplicativo era 10 reais... me poupe.",Bruno,1,
f513dd5c-d4dc-4ba6-8072-b7315ec2a1f0,RecargaPay,1,"absurdo ter uma opção automática de seguro de Pix já marcada na transação e a gente tem que tirar a opção manualmente. isto está errado,vocês não podem adicionar algo sem a nossa autorização,isto é abuso,a lei vai saber disto.",Vinicius,0,
1a998a28-d886-4dbe-b3b2-a903935ce60d,RecargaPay,1,"Boa noite, paguei esse boleto, sendo que eu não usei esse crédito. Aliás, crédito assim, não precisa me oferecer. ESDRÚXULOS!!!!!",Gabriel,0,
83dc8c61-cda8-49ca-8647-31a0eb58ede3,RecargaPay,1,fiz uma recarga e não recebi os créditos .,Bruno,0,
2a2d4d47-6dc5-4dd6-ba4a-fcb749fa192f,RecargaPay,1,nao recomendo pra ninguém. nao consigo resgatar meu dinheiro que investi como limite do cartão. em toda a ajuda que o site oferece diz pra ir em cartões-> limite-> resgatar. mas esse resgatar simplesmente não existe. ja rodei o site todo e nao existe disponíveis as opções de resgate disso e do meu cashback. te impossibilitam de resgatar seu dinheiro na maior!!,Vinicius,0,
913f7637-d070-4c89-a8c4-9a51cf79d550,RecargaPay,1,"propagando falsa de liberação de crédito, dou zero estrelas .",Gabriel,0,
14c5c29b-b016-4ad2-95b1-9c137b1f7da9,RecargaPay,1,"Ótimo aplicativo, cartão e conta, por gentileza coloquem a opção de apagar o CPF de outra pessoa que fica salvo na hora que vamos cadastrar o cartão no aplicativo, opção de apagar as notificações/mensagens recebidas, opções de ver o saldo pra fazer o pix e senha pra finalizar o pix, ainda têm um bug na notificação do aplicativo, fica com o número da notificação a mais no aplicativo, apagar a opção de cadastrar cartão, atualizou e não arrumou, arruma por gentileza, parabéns e obrigado.",Bruno,0,
44294db8-d8a5-46a4-b732-dc7ea1b2ced6,RecargaPay,1,"Quando você precisa usar o Pix vive fora do ar, não recomendo esse banco , quando você mais precisa usar ele , ele falha e fica fora do ar, ridículo e você não consegue apoio do suporte, levei um golpe por ele e não fui ressarcido, de forma alguma vou recomendar.",Vinicius,0,
518d55c5-013d-4c6b-8a83-497890d12b13,RecargaPay,1,péssimo fiz dois empréstimo de 10 reais quando fui solicitar novamente não tá disponível que aplicativo péssimo,Gabriel,0,
8058dbf8-a3b5-4303-9880-ac04bac92052,RecargaPay,1,aplicativo complicado difícil de entender não recomendo,Bruno,1,
7de52d32-a192-4604-b582-c0a1a321f0a8,RecargaPay,1,"eu não consigo acessar minha conta, digito meu CPF aí diz que meu e-mail não tá cadastrado, vou em cadastrar e-mail aí diz que o email já é cadastrado, fica nisso e não consigo acesso mais. ja atualizei o app, já entrei em contato e não resolveram meu problema, é ruim porque os meios de comunicação é só por e-mail, não tem WhatsApp.",Vinicius,0,
95f69ad4-facf-48d5-a5a4-93b049aa786e,RecargaPay,1,"não tá deixando usar o Google pay para pagar, manda baixar o app sendo que já tá baixado e funcionava perfeitamente antes.",Gabriel,0,
ec9ea2a1-1387-42dd-9f6b-75904734e673,RecargaPay,1,"não baixem, não tem suporte pra dá apoio, foi feito uma compra no meu cartão, não aparece oque e, já tentei cancela, mais da certo",Bruno,0,
2d6d4ddc-8afd-45e1-9f28-a52232239155,RecargaPay,1,"app bugado, não consigo fazer Pix usando o nubank. tá péssimo.",Vinicius,0,
4f0ae6dd-068e-4cc5-ad67-6104a56e1da3,RecargaPay,1,"Tem que mudar , esse rendimento que é dado em forma de crédito para um cartão , pensei de eles já terem mudado essa política, mas não, vou novamente para outra plataforma.",Gabriel,0,
12072709-2619-45fd-9180-e1394602911e,RecargaPay,1,"banco ladrão. insere seguros no meio de processos de Pix e na abertura do app, fazendo a pessoa as vezes clicar sem querer",Bruno,0,
d868a54d-9e5c-49cf-b0ea-0c7aa903fde6,RecargaPay,1,não conseguir realizar o saque,Vinicius,0,
a8e2cc21-4c37-4a18-8bc0-683803fc8564,RecargaPay,1,o app é muito ruim não aumentar limite de empréstimo pessoal de nada é péssimo não recomendo,Gabriel,0,
fc8c7ebf-6905-45f8-b9fc-cfdd28dd0f3d,RecargaPay,1,Racargalixo. O roubo burocrático disfarçado de fintech. Querem um conselho? evitem bancos que são apenas digitais.,Bruno,0,
6752e9cb-4d77-444e-a124-0ab386ec2888,RecargaPay,1,lixo toda hora aparece indisponível quando faz Pix,Vinicius,0,
51c8fedc-f8b5-431a-b74c-c1bded3c76c7,RecargaPay,1,"Perdeu o sentido de manter o cartão e a conta espero que sejam felizesccom os clientes de alta renda. Podiam migrar os clientes antigos da Gold pra Platinum sem exigir os R$ 3.000,00.",Gabriel,0,
b6aede37-7f7e-461d-9ca8-e78220dfb975,RecargaPay,1,Boa noite eu sempre paguei em dia nunca atrasei do nada eles não oferecem mais o empréstimo tem mais 10 empréstimo todos pagos em dia e não oferecem mais decepção,Bruno,0,
70585707-6323-490b-b274-0448a8f901e6,RecargaPay,1,tô insatisfeito com o aplicativo já tem dois dias que eu tô tentando acessar minha conta e não tô conseguindo entrar faço reconhecimento fácil e não tá indo só dando erro e eu preciso acessar a conta pós tenho dinheiro guardado e preciso pagar meus boletos. Se poderem resolverem minha situação eu agradeço.,Vinicius,0,
7cd4cd40-c091-4974-b4c5-c9011879258a,RecargaPay,1,"Cheio de pegadinhas intrusivas, se não prestar atenção faz pix no cartão pagando taxa e ainda contrata seguro sem perceber. Os saldos também não são claros e a área de investimentos é uma bagunça.",Gabriel,0,
6970e04b-3a31-4a54-a4c2-f6f410616c6a,RecargaPay,2,"é super rápido, deveria aumentar mais crédito pelo menos pra 100",Bruno,0,
773b2c61-3a39-4193-b3a5-56fcd27bba14,RecargaPay,2,"Há Algum Tempo Trabalhando Com Vendas Utilizo Esse Aplicativo Para Que As Pessoas Efetuem Pagamento Através Do Pix,Mas Geralmente Com Chave Pix,e Queria Saber Se Esse Aplicativo Disponibiliza QR Code Para Que, Eu Venha Receber Sem Necessidade De Estar Passando Chave",Vinicius,0,
53e168c9-ff7e-4b6b-b480-394a63cabb18,RecargaPay,2,Muitas telas para completar um pix e propaganda enganosa de rendimentos.,Gabriel,0,
68a89966-e35f-4f34-a23e-43b97591eb11,RecargaPay,2,oq tá acontecendo com esse aplicativo não estou conseguindo entrar de jeito nenhum já desinstalei e estalei novamente e continua do mesmo jeito,Bruno,0,
7967fd20-d883-4d0a-9787-f8e1ffd5c612,RecargaPay,2,vcs empreta e quer tirar taxa ainda,Vinicius,1,
bf1d1fae-e972-4100-a065-a84a17735f01,RecargaPay,2,"Parece bom, mas com condições no app diferentes das divulgadas no site. Os cartões disponíveis são com investimentos em CDB e limites nesses mesmos e no site mostra cartões sem esses investimentos, para uso normal. Nem vou usar a instituição.",Gabriel,0,
5e66d233-bb95-47c1-bd19-e7b0ac2eea16,RecargaPay,2,tá faltando mais investimentos. e melhora o visual do aplicativo...tá muito ultrapassado app em visão geral e feio.,Bruno,0,
28cdd494-92e7-4e28-a712-4eea80aaa214,RecargaPay,2,muitas taixas taixa pra pegar emprestado taxa pra fazer Pix taixa pra usar parecendo o lula,Vinicius,0,
5c651536-f814-433d-8efe-b95ed7d358be,RecargaPay,2,"Até gosto desse app, mas agora toda vez que vou fazer um Pix aparece marcada uma opção de contratar seguro. tem que desmarcar toda vez. querem pegar as pessoas nas pressas que vivem. má fé!",Gabriel,0,
2272f2c2-7d95-4526-b140-1bc41ac4e7ac,RecargaPay,2,aplicativo não quer abrir de forma alguma no meu aparelho poço x7 pro,Bruno,0,
69a7f955-7baa-4b43-b3d5-ad850d54c373,RecargaPay,2,gostaria que liberase um empréstimo,Vinicius,0,
275d30a9-2dc0-4bb4-b00f-7bed6ef9048c,RecargaPay,2,"o recarga pay está mim decepcionando , a 1°. vez apareceu opção de empréstimo disponível , paguei . apareceu novamente paguei e não aumentou , para completar não liberaram mas nada pra mim indignada com esse aplicativo, pagando certo duas vezes não liberou mas nada. espero que volte a liberar a opção",Gabriel,0,
0fa14a3b-fd7d-404c-af10-c25eaa784150,RecargaPay,2,"não tô conseguindo acessar a conta, já instalei e desinstalei várias vzs, preciso usar meu dinheiro e ninguém entra em contato pra fala nada",Bruno,0,
fc80310d-1082-4af7-8560-a1e2014af2dc,RecargaPay,2,fiquei triste depois dele tira a opção de ipva/multas,Vinicius,0,
5a681258-51ae-43f2-b4e2-cb6447ccd94f,RecargaPay,2,"para pegar o dinheiro do empréstimo precisa pedir cartão, além de pedir cartão descontam do valor ainda taxa de cartão, ruim não gostei",Gabriel,0,
ad08d5fc-fdfa-461d-9971-4314fc5e740e,RecargaPay,2,conhecendo melhor ... já mudei minha nota,Bruno,0,
4c81e75c-acee-4da3-9868-aed130da253e,RecargaPay,2,"O aplicativo é bom, porém trava demais, hoje precisei fazer um pagamento no pix e o app simplesmente não abriu, tive que devolver a compra",Vinicius,0,
9fb48199-ce93-466f-a9f3-15383230cb13,RecargaPay,2,"ótimo, porém te dão limite e se vc não usar no dia liberado. Depois some e quando vc precisa te deixam na mão.",Gabriel,0,
0102bf1d-9347-4c99-9885-3b0cf3cf0714,RecargaPay,2,vive com problemas na recarga,Bruno,0,
1492f5c3-7642-43f3-813b-0771ada7ff3f,RecargaPay,3,app muito lento ao responder o processo,Vinicius,1,
76b302e1-19bb-41d0-bc9a-62a349950b9d,RecargaPay,3,"Tive um atraso no crédito de um estorno que demorou vários dias para ser creditado, demorou mas recebi... então hj só dou 3 estrelas, porque é possível melhorar em questão de agilidade de pagamentos.",Gabriel,0,
3ff74c6d-38e3-48e0-be8a-84f613b94a59,RecargaPay,3,O Layout das telas são pouco Flexíveis,Bruno,0,
488fcb54-a793-46f6-92b6-e7c8e6523a07,RecargaPay,3,sacanagem 10 reais de empréstimo kkkkk,Vinicius,0,
316480e4-cba5-488a-9ce4-3edce487b79f,RecargaPay,3,pra fazer um Pix cobra taxa,Gabriel,0,
47035dad-951d-4352-9c6a-827988c52882,RecargaPay,3,Darei 5 estrelas quando o meu limite aumentar.,Bruno,0,
9097cbd6-dff6-4d39-ae64-2b75af33b710,RecargaPay,3,estou devendo aconteceu que não consigo pagar tudo de uma vez preciso que faça um parcelamento,Vinicius,0,
f55e924b-93cd-4dfc-b5e8-8508f648c3a5,RecargaPay,3,"muita sugestão, querendo fazer a gente gastar . ridículo isso . muita perda de tempo.",Gabriel,0,
115ef4d1-77a4-431a-8371-6d2e06befe0b,RecargaPay,3,ainda não estou entendendo bem o App estou no Aprendizado .( gostaria de saber se o aplicativo é só crédito ou débito também,Bruno,0,
4d72e5a2-4f4a-4cf7-92d9-a8032b3691a0,RecargaPay,3,Não corresponde com às propagandas muito juros e não faz empréstimo se VC não fizer depósito,Vinicius,0,
5050dffc-bf4f-49be-8946-e34552bdbca3,RecargaPay,3,e bom mais tem vezes que põe 10 vezes a senha e da erro no aplicativo,Gabriel,0,
88261539-7619-426e-96f7-2bf60fe905cd,RecargaPay,3,taxa pra Pix acho que poderia melhorar,Bruno,0,
9e8b4ff9-7dd5-4311-8998-c90da4381492,RecargaPay,3,Quando liberar algum limite de crédito p mim eu volto aqui pra completar as estrelas,Vinicius,0,
fc2b2f7a-5620-456f-b54c-e971a52c75b4,RecargaPay,3,"usava antes até tinha uma boa experiência, acho que por usar pouco. comecei a usar com mais frequência, fiz a portabilidade da chave Pix, mas o aplicativo está em constante instabilidade as vezes demora mais uma hora pra voltar, fiquei um tempão no restaurante esperando o aplicativo voltar pra fazer um Pix. e isso acontece todos os dias principalmente a noite. demorou bastante também pra liberar limite no cartão e ao liberar veio 10 reais 🤡 score é bom",Gabriel,1,
b8a53ead-7523-456f-84cc-2c8c6126e07e,RecargaPay,3,não é tão bom mais não é tão ruin,Bruno,0,
b113e45b-f9fd-4e88-afdf-bf58b7eda053,RecargaPay,3,taxas altas de mais !!,Vinicius,0,
de568c3a-a2aa-4f5d-a846-7bcc390ebdc2,RecargaPay,3,movimento muito não saiu limite,Gabriel,0,
0101908c-d636-447f-a123-23dd176caf5d,RecargaPay,3,"O app é bom e fácil de usar, mas vira e mexe desconta seu dinheiro com taxas de serviços que você não contratou. Assim que conseguir recuperar um valor investido até dezembro, encerro minha conta. Já foram três cobranças indevidas, e infelizmente fica por isso mesmo. RESPEITEM SEUS CLIENTES!",Bruno,1,
03b31396-fb52-45c3-841f-4bdf76876dac,RecargaPay,3,atende aí proposto. porém poderia melhor a interface de atendimento. e não induzir ao cliente seguros já pré adicionado. se o cliente está com certamente pressa não vê que está assinando um seguro ao invés de só fazer um pagamento ou Pix.,Vinicius,0,
369ee399-c45b-4f7c-8bf4-c46c4e1f5f06,RecargaPay,3,não consigo pagar o boleto na carteira está com problema,Gabriel,0,
9b59e76b-73ef-4be0-ac08-2721bec910d9,RecargaPay,3,Sempre achando uma maneira de cobrar taxas,Bruno,0,
321db883-32e6-4fa4-af3d-556372b8f945,RecargaPay,3,"estou editando minha nota, após um período o aplicativo voltou a funcionar o Pix.",Vinicius,0,
